rgn_id,rgn_name,sciname,iucn_sid,cat,cat_score,year,eval_yr,mean_cat,ico_status,n_spp,trend_lm,ico_trend
147,Moorea,Alopias pelagicus,161597,VU,0.4,2018,2004,0.34444,65.556,27,-0.001122484848484856,-0.00561
147,French Polynesia,Alopias vulpinus,39339,VU,0.4,2018,2009,0.34444,65.556,27,-0.001122484848484856,-0.00561
147,Moorea,Carcharhinus albimarginatus,161526,VU,0.4,2018,2015,0.34444,65.556,27,-0.001122484848484856,-0.00561
147,French Polynesia,Carcharhinus amblyrhynchos,39365,NT,0.2,2018,2009,0.34444,65.556,27,-0.001122484848484856,-0.00561
147,Moorea,Carcharhinus falciformis,39370,VU,0.4,2018,2017,0.34444,65.556,27,-0.001122484848484856,-0.00561
147,Moorea,Carcharhinus galapagensis,41736,NT,0.2,2018,2003,0.34444,65.556,27,-0.001122484848484856,-0.00561
147,Moorea,Carcharhinus leucas,39372,NT,0.2,2018,2005,0.34444,65.556,27,-0.001122484848484856,-0.00561
147,Moorea,Carcharhinus limbatus,3851,NT,0.2,2018,2005,0.34444,65.556,27,-0.001122484848484856,-0.00561
147,Moorea,Carcharhinus longimanus,39374,VU,0.4,2018,2006,0.34444,65.556,27,-0.001122484848484856,-0.00561
147,Moorea,Carcharhinus melanopterus,39375,NT,0.2,2018,2005,0.34444,65.556,27,-0.001122484848484856,-0.00561
147,French Polynesia,Caretta caretta,3897,VU,0.4,2018,2017,0.34444,65.556,27,-0.001122484848484856,-0.00561
147,French Polynesia,Caretta caretta,84156809,CR,0.8,2018,2015,0.34444,65.556,27,-0.001122484848484856,-0.00561
147,French Polynesia,Cheilinus undulatus,4592,EN,0.6,2018,2004,0.34444,65.556,27,-0.001122484848484856,-0.00561
147,French Polynesia,Chelonia mydas,4615,EN,0.6,2018,2004,0.34444,65.556,27,-0.001122484848484856,-0.00561
147,French Polynesia,Dermochelys coriacea,6494,VU,0.4,2018,2013,0.34444,65.556,27,-0.001122484848484856,-0.00561
147,French Polynesia,Dermochelys coriacea,46967817,CR,0.8,2018,2013,0.34444,65.556,27,-0.001122484848484856,-0.00561
147,Moorea,Eschrichtius robustus,8097,LC,0,2018,2017,0.34444,65.556,27,-0.001122484848484856,-0.00561
147,French Polynesia,Galeocerdo cuvier,39378,NT,0.2,2018,2009,0.34444,65.556,27,-0.001122484848484856,-0.00561
147,Moorea,Isistius brasiliensis,41856,LC,0,2018,2017,0.34444,65.556,27,-0.001122484848484856,-0.00561
147,French Polynesia,Isurus oxyrinchus,39341,VU,0.4,2018,2009,0.34444,65.556,27,-0.001122484848484856,-0.00561
147,French Polynesia,Megaptera novaeangliae,13006,LC,0,2018,2008,0.34444,65.556,27,-0.001122484848484856,-0.00561
147,French Polynesia,Megaptera novaeangliae,132832,EN,0.6,2018,2008,0.34444,65.556,27,-0.001122484848484856,-0.00561
147,Moorea,Nebrius ferrugineus,41835,VU,0.4,2018,2003,0.34444,65.556,27,-0.001122484848484856,-0.00561
147,Moorea,Negaprion acutidens,41836,VU,0.4,2018,2003,0.34444,65.556,27,-0.001122484848484856,-0.00561
147,French Polynesia,Prionace glauca,39381,NT,0.2,2018,2009,0.34444,65.556,27,-0.001122484848484856,-0.00561
147,French Polynesia,Rhincodon typus,19488,EN,0.6,2018,2016,0.34444,65.556,27,-0.001122484848484856,-0.00561
147,Moorea,Sphyrna lewini,39385,EN,0.6,2018,2007,0.34444,65.556,27,-0.001122484848484856,-0.00561
147,Moorea,Sphyrna mokarran,39385,EN,0.6,2018,2007,0.34444,65.556,27,-0.001122484848484856,-0.00561
147,French Polynesia,Steno bredanensis,20738,LC,0,2018,2012,0.34444,65.556,27,-0.001122484848484856,-0.00561
147,French Polynesia,Triaenodon obesus,39384,NT,0.2,2018,2009,0.34444,65.556,27,-0.001122484848484856,-0.00561
147,Moorea,Alopias pelagicus,161597,VU,0.4,2017,2004,0.34444,65.556,27,-6.11515151515144e-4,-0.00306
147,French Polynesia,Alopias vulpinus,39339,VU,0.4,2017,2009,0.34444,65.556,27,-6.11515151515144e-4,-0.00306
147,Moorea,Carcharhinus albimarginatus,161526,VU,0.4,2017,2015,0.34444,65.556,27,-6.11515151515144e-4,-0.00306
147,French Polynesia,Carcharhinus amblyrhynchos,39365,NT,0.2,2017,2009,0.34444,65.556,27,-6.11515151515144e-4,-0.00306
147,Moorea,Carcharhinus falciformis,39370,VU,0.4,2017,2017,0.34444,65.556,27,-6.11515151515144e-4,-0.00306
147,Moorea,Carcharhinus galapagensis,41736,NT,0.2,2017,2003,0.34444,65.556,27,-6.11515151515144e-4,-0.00306
147,Moorea,Carcharhinus leucas,39372,NT,0.2,2017,2005,0.34444,65.556,27,-6.11515151515144e-4,-0.00306
147,Moorea,Carcharhinus limbatus,3851,NT,0.2,2017,2005,0.34444,65.556,27,-6.11515151515144e-4,-0.00306
147,Moorea,Carcharhinus longimanus,39374,VU,0.4,2017,2006,0.34444,65.556,27,-6.11515151515144e-4,-0.00306
147,Moorea,Carcharhinus melanopterus,39375,NT,0.2,2017,2005,0.34444,65.556,27,-6.11515151515144e-4,-0.00306
147,French Polynesia,Caretta caretta,3897,VU,0.4,2017,2017,0.34444,65.556,27,-6.11515151515144e-4,-0.00306
147,French Polynesia,Caretta caretta,84156809,CR,0.8,2017,2015,0.34444,65.556,27,-6.11515151515144e-4,-0.00306
147,French Polynesia,Cheilinus undulatus,4592,EN,0.6,2017,2004,0.34444,65.556,27,-6.11515151515144e-4,-0.00306
147,French Polynesia,Chelonia mydas,4615,EN,0.6,2017,2004,0.34444,65.556,27,-6.11515151515144e-4,-0.00306
147,French Polynesia,Dermochelys coriacea,6494,VU,0.4,2017,2013,0.34444,65.556,27,-6.11515151515144e-4,-0.00306
147,French Polynesia,Dermochelys coriacea,46967817,CR,0.8,2017,2013,0.34444,65.556,27,-6.11515151515144e-4,-0.00306
147,Moorea,Eschrichtius robustus,8097,LC,0,2017,2017,0.34444,65.556,27,-6.11515151515144e-4,-0.00306
147,French Polynesia,Galeocerdo cuvier,39378,NT,0.2,2017,2009,0.34444,65.556,27,-6.11515151515144e-4,-0.00306
147,Moorea,Isistius brasiliensis,41855,LC,0,2017,2017,0.34444,65.556,27,-6.11515151515144e-4,-0.00306
147,French Polynesia,Isurus oxyrinchus,39341,VU,0.4,2017,2009,0.34444,65.556,27,-6.11515151515144e-4,-0.00306
147,French Polynesia,Megaptera novaeangliae,13006,LC,0,2017,2008,0.34444,65.556,27,-6.11515151515144e-4,-0.00306
147,French Polynesia,Megaptera novaeangliae,132832,EN,0.6,2017,2008,0.34444,65.556,27,-6.11515151515144e-4,-0.00306
147,Moorea,Nebrius ferrugineus,41835,VU,0.4,2017,2003,0.34444,65.556,27,-6.11515151515144e-4,-0.00306
147,Moorea,Negaprion acutidens,41836,VU,0.4,2017,2003,0.34444,65.556,27,-6.11515151515144e-4,-0.00306
147,French Polynesia,Prionace glauca,39381,NT,0.2,2017,2009,0.34444,65.556,27,-6.11515151515144e-4,-0.00306
147,French Polynesia,Rhincodon typus,19488,EN,0.6,2017,2016,0.34444,65.556,27,-6.11515151515144e-4,-0.00306
147,Moorea,Sphyrna lewini,39385,EN,0.6,2017,2007,0.34444,65.556,27,-6.11515151515144e-4,-0.00306
147,Moorea,Sphyrna mokarran,39385,EN,0.6,2017,2007,0.34444,65.556,27,-6.11515151515144e-4,-0.00306
147,French Polynesia,Steno bredanensis,20738,LC,0,2017,2012,0.34444,65.556,27,-6.11515151515144e-4,-0.00306
147,French Polynesia,Triaenodon obesus,39384,NT,0.2,2017,2009,0.34444,65.556,27,-6.11515151515144e-4,-0.00306
147,Moorea,Alopias pelagicus,161597,VU,0.4,2016,2004,0.33704,66.29599999999999,27,9.040606060605854e-4,0.00452
147,French Polynesia,Alopias vulpinus,39339,VU,0.4,2016,2009,0.33704,66.29599999999999,27,9.040606060605854e-4,0.00452
147,Moorea,Carcharhinus albimarginatus,161526,VU,0.4,2016,2015,0.33704,66.29599999999999,27,9.040606060605854e-4,0.00452
147,French Polynesia,Carcharhinus amblyrhynchos,39365,NT,0.2,2016,2009,0.33704,66.29599999999999,27,9.040606060605854e-4,0.00452
147,Moorea,Carcharhinus falciformis,39370,NT,0.2,2016,2016,0.33704,66.29599999999999,27,9.040606060605854e-4,0.00452
147,Moorea,Carcharhinus galapagensis,41736,NT,0.2,2016,2003,0.33704,66.29599999999999,27,9.040606060605854e-4,0.00452
147,Moorea,Carcharhinus leucas,39372,NT,0.2,2016,2005,0.33704,66.29599999999999,27,9.040606060605854e-4,0.00452
147,Moorea,Carcharhinus limbatus,3851,NT,0.2,2016,2005,0.33704,66.29599999999999,27,9.040606060605854e-4,0.00452
147,Moorea,Carcharhinus longimanus,39374,VU,0.4,2016,2006,0.33704,66.29599999999999,27,9.040606060605854e-4,0.00452
147,Moorea,Carcharhinus melanopterus,39375,NT,0.2,2016,2005,0.33704,66.29599999999999,27,9.040606060605854e-4,0.00452
147,French Polynesia,Caretta caretta,3897,VU,0.4,2016,2015,0.33704,66.29599999999999,27,9.040606060605854e-4,0.00452
147,French Polynesia,Caretta caretta,84156809,CR,0.8,2016,2015,0.33704,66.29599999999999,27,9.040606060605854e-4,0.00452
147,French Polynesia,Cheilinus undulatus,4592,EN,0.6,2016,2004,0.33704,66.29599999999999,27,9.040606060605854e-4,0.00452
147,French Polynesia,Chelonia mydas,4615,EN,0.6,2016,2004,0.33704,66.29599999999999,27,9.040606060605854e-4,0.00452
147,French Polynesia,Dermochelys coriacea,6494,VU,0.4,2016,2013,0.33704,66.29599999999999,27,9.040606060605854e-4,0.00452
147,French Polynesia,Dermochelys coriacea,46967817,CR,0.8,2016,2013,0.33704,66.29599999999999,27,9.040606060605854e-4,0.00452
147,Moorea,Eschrichtius robustus,8097,LC,0,2016,2008,0.33704,66.29599999999999,27,9.040606060605854e-4,0.00452
147,French Polynesia,Galeocerdo cuvier,39378,NT,0.2,2016,2009,0.33704,66.29599999999999,27,9.040606060605854e-4,0.00452
147,Moorea,Isistius brasiliensis,41854,LC,0,2016,2003,0.33704,66.29599999999999,27,9.040606060605854e-4,0.00452
147,French Polynesia,Isurus oxyrinchus,39341,VU,0.4,2016,2009,0.33704,66.29599999999999,27,9.040606060605854e-4,0.00452
147,French Polynesia,Megaptera novaeangliae,13006,LC,0,2016,2008,0.33704,66.29599999999999,27,9.040606060605854e-4,0.00452
147,French Polynesia,Megaptera novaeangliae,132832,EN,0.6,2016,2008,0.33704,66.29599999999999,27,9.040606060605854e-4,0.00452
147,Moorea,Nebrius ferrugineus,41835,VU,0.4,2016,2003,0.33704,66.29599999999999,27,9.040606060605854e-4,0.00452
147,Moorea,Negaprion acutidens,41836,VU,0.4,2016,2003,0.33704,66.29599999999999,27,9.040606060605854e-4,0.00452
147,French Polynesia,Prionace glauca,39381,NT,0.2,2016,2009,0.33704,66.29599999999999,27,9.040606060605854e-4,0.00452
147,French Polynesia,Rhincodon typus,19488,EN,0.6,2016,2016,0.33704,66.29599999999999,27,9.040606060605854e-4,0.00452
147,Moorea,Sphyrna lewini,39385,EN,0.6,2016,2007,0.33704,66.29599999999999,27,9.040606060605854e-4,0.00452
147,Moorea,Sphyrna mokarran,39385,EN,0.6,2016,2007,0.33704,66.29599999999999,27,9.040606060605854e-4,0.00452
147,French Polynesia,Steno bredanensis,20738,LC,0,2016,2012,0.33704,66.29599999999999,27,9.040606060605854e-4,0.00452
147,French Polynesia,Triaenodon obesus,39384,NT,0.2,2016,2009,0.33704,66.29599999999999,27,9.040606060605854e-4,0.00452
147,Moorea,Alopias pelagicus,161597,VU,0.4,2015,2004,0.32963,67.037,27,4.7921212121197483e-4,0.0024
147,French Polynesia,Alopias vulpinus,39339,VU,0.4,2015,2009,0.32963,67.037,27,4.7921212121197483e-4,0.0024
147,Moorea,Carcharhinus albimarginatus,161526,VU,0.4,2015,2015,0.32963,67.037,27,4.7921212121197483e-4,0.0024
147,French Polynesia,Carcharhinus amblyrhynchos,39365,NT,0.2,2015,2009,0.32963,67.037,27,4.7921212121197483e-4,0.0024
147,Moorea,Carcharhinus falciformis,39370,NT,0.2,2015,2009,0.32963,67.037,27,4.7921212121197483e-4,0.0024
147,Moorea,Carcharhinus galapagensis,41736,NT,0.2,2015,2003,0.32963,67.037,27,4.7921212121197483e-4,0.0024
147,Moorea,Carcharhinus leucas,39372,NT,0.2,2015,2005,0.32963,67.037,27,4.7921212121197483e-4,0.0024
147,Moorea,Carcharhinus limbatus,3851,NT,0.2,2015,2005,0.32963,67.037,27,4.7921212121197483e-4,0.0024
147,Moorea,Carcharhinus longimanus,39374,VU,0.4,2015,2006,0.32963,67.037,27,4.7921212121197483e-4,0.0024
147,Moorea,Carcharhinus melanopterus,39375,NT,0.2,2015,2005,0.32963,67.037,27,4.7921212121197483e-4,0.0024
147,French Polynesia,Caretta caretta,3897,VU,0.4,2015,2015,0.32963,67.037,27,4.7921212121197483e-4,0.0024
147,French Polynesia,Caretta caretta,84156809,CR,0.8,2015,2015,0.32963,67.037,27,4.7921212121197483e-4,0.0024
147,French Polynesia,Cheilinus undulatus,4592,EN,0.6,2015,2004,0.32963,67.037,27,4.7921212121197483e-4,0.0024
147,French Polynesia,Chelonia mydas,4615,EN,0.6,2015,2004,0.32963,67.037,27,4.7921212121197483e-4,0.0024
147,French Polynesia,Dermochelys coriacea,6494,VU,0.4,2015,2013,0.32963,67.037,27,4.7921212121197483e-4,0.0024
147,French Polynesia,Dermochelys coriacea,46967817,CR,0.8,2015,2013,0.32963,67.037,27,4.7921212121197483e-4,0.0024
147,Moorea,Eschrichtius robustus,8097,LC,0,2015,2008,0.32963,67.037,27,4.7921212121197483e-4,0.0024
147,French Polynesia,Galeocerdo cuvier,39378,NT,0.2,2015,2009,0.32963,67.037,27,4.7921212121197483e-4,0.0024
147,Moorea,Isistius brasiliensis,41853,LC,0,2015,2003,0.32963,67.037,27,4.7921212121197483e-4,0.0024
147,French Polynesia,Isurus oxyrinchus,39341,VU,0.4,2015,2009,0.32963,67.037,27,4.7921212121197483e-4,0.0024
147,French Polynesia,Megaptera novaeangliae,13006,LC,0,2015,2008,0.32963,67.037,27,4.7921212121197483e-4,0.0024
147,French Polynesia,Megaptera novaeangliae,132832,EN,0.6,2015,2008,0.32963,67.037,27,4.7921212121197483e-4,0.0024
147,Moorea,Nebrius ferrugineus,41835,VU,0.4,2015,2003,0.32963,67.037,27,4.7921212121197483e-4,0.0024
147,Moorea,Negaprion acutidens,41836,VU,0.4,2015,2003,0.32963,67.037,27,4.7921212121197483e-4,0.0024
147,French Polynesia,Prionace glauca,39381,NT,0.2,2015,2009,0.32963,67.037,27,4.7921212121197483e-4,0.0024
147,French Polynesia,Rhincodon typus,19488,VU,0.4,2015,2005,0.32963,67.037,27,4.7921212121197483e-4,0.0024
147,Moorea,Sphyrna lewini,39385,EN,0.6,2015,2007,0.32963,67.037,27,4.7921212121197483e-4,0.0024
147,Moorea,Sphyrna mokarran,39385,EN,0.6,2015,2007,0.32963,67.037,27,4.7921212121197483e-4,0.0024
147,French Polynesia,Steno bredanensis,20738,LC,0,2015,2012,0.32963,67.037,27,4.7921212121197483e-4,0.0024
147,French Polynesia,Triaenodon obesus,39384,NT,0.2,2015,2009,0.32963,67.037,27,4.7921212121197483e-4,0.0024
147,Moorea,Alopias pelagicus,161597,VU,0.4,2014,2004,0.32593,67.407,27,-6.69454545454475e-4,-0.00335
147,French Polynesia,Alopias vulpinus,39339,VU,0.4,2014,2009,0.32593,67.407,27,-6.69454545454475e-4,-0.00335
147,Moorea,Carcharhinus albimarginatus,161526,NT,0.2,2014,2007,0.32593,67.407,27,-6.69454545454475e-4,-0.00335
147,French Polynesia,Carcharhinus amblyrhynchos,39365,NT,0.2,2014,2009,0.32593,67.407,27,-6.69454545454475e-4,-0.00335
147,Moorea,Carcharhinus falciformis,39370,NT,0.2,2014,2009,0.32593,67.407,27,-6.69454545454475e-4,-0.00335
147,Moorea,Carcharhinus galapagensis,41736,NT,0.2,2014,2003,0.32593,67.407,27,-6.69454545454475e-4,-0.00335
147,Moorea,Carcharhinus leucas,39372,NT,0.2,2014,2005,0.32593,67.407,27,-6.69454545454475e-4,-0.00335
147,Moorea,Carcharhinus limbatus,3851,NT,0.2,2014,2005,0.32593,67.407,27,-6.69454545454475e-4,-0.00335
147,Moorea,Carcharhinus longimanus,39374,VU,0.4,2014,2006,0.32593,67.407,27,-6.69454545454475e-4,-0.00335
147,Moorea,Carcharhinus melanopterus,39375,NT,0.2,2014,2005,0.32593,67.407,27,-6.69454545454475e-4,-0.00335
147,French Polynesia,Caretta caretta,3897,EN,0.6,2014,1996,0.32593,67.407,27,-6.69454545454475e-4,-0.00335
147,French Polynesia,Caretta caretta,84156809,CR,0.8,2014,NA,0.32593,67.407,27,-6.69454545454475e-4,-0.00335
147,French Polynesia,Cheilinus undulatus,4592,EN,0.6,2014,2004,0.32593,67.407,27,-6.69454545454475e-4,-0.00335
147,French Polynesia,Chelonia mydas,4615,EN,0.6,2014,2004,0.32593,67.407,27,-6.69454545454475e-4,-0.00335
147,French Polynesia,Dermochelys coriacea,6494,VU,0.4,2014,2013,0.32593,67.407,27,-6.69454545454475e-4,-0.00335
147,French Polynesia,Dermochelys coriacea,46967817,CR,0.8,2014,2013,0.32593,67.407,27,-6.69454545454475e-4,-0.00335
147,Moorea,Eschrichtius robustus,8097,LC,0,2014,2008,0.32593,67.407,27,-6.69454545454475e-4,-0.00335
147,French Polynesia,Galeocerdo cuvier,39378,NT,0.2,2014,2009,0.32593,67.407,27,-6.69454545454475e-4,-0.00335
147,Moorea,Isistius brasiliensis,41852,LC,0,2014,2003,0.32593,67.407,27,-6.69454545454475e-4,-0.00335
147,French Polynesia,Isurus oxyrinchus,39341,VU,0.4,2014,2009,0.32593,67.407,27,-6.69454545454475e-4,-0.00335
147,French Polynesia,Megaptera novaeangliae,13006,LC,0,2014,2008,0.32593,67.407,27,-6.69454545454475e-4,-0.00335
147,French Polynesia,Megaptera novaeangliae,132832,EN,0.6,2014,2008,0.32593,67.407,27,-6.69454545454475e-4,-0.00335
147,Moorea,Nebrius ferrugineus,41835,VU,0.4,2014,2003,0.32593,67.407,27,-6.69454545454475e-4,-0.00335
147,Moorea,Negaprion acutidens,41836,VU,0.4,2014,2003,0.32593,67.407,27,-6.69454545454475e-4,-0.00335
147,French Polynesia,Prionace glauca,39381,NT,0.2,2014,2009,0.32593,67.407,27,-6.69454545454475e-4,-0.00335
147,French Polynesia,Rhincodon typus,19488,VU,0.4,2014,2005,0.32593,67.407,27,-6.69454545454475e-4,-0.00335
147,Moorea,Sphyrna lewini,39385,EN,0.6,2014,2007,0.32593,67.407,27,-6.69454545454475e-4,-0.00335
147,Moorea,Sphyrna mokarran,39385,EN,0.6,2014,2007,0.32593,67.407,27,-6.69454545454475e-4,-0.00335
147,French Polynesia,Steno bredanensis,20738,LC,0,2014,2012,0.32593,67.407,27,-6.69454545454475e-4,-0.00335
147,French Polynesia,Triaenodon obesus,39384,NT,0.2,2014,2009,0.32593,67.407,27,-6.69454545454475e-4,-0.00335
147,Moorea,Alopias pelagicus,161597,VU,0.4,2013,2004,0.32593,67.407,27,-0.0018510909090909112,-0.00926
147,French Polynesia,Alopias vulpinus,39339,VU,0.4,2013,2009,0.32593,67.407,27,-0.0018510909090909112,-0.00926
147,Moorea,Carcharhinus albimarginatus,161526,NT,0.2,2013,2007,0.32593,67.407,27,-0.0018510909090909112,-0.00926
147,French Polynesia,Carcharhinus amblyrhynchos,39365,NT,0.2,2013,2009,0.32593,67.407,27,-0.0018510909090909112,-0.00926
147,Moorea,Carcharhinus falciformis,39370,NT,0.2,2013,2009,0.32593,67.407,27,-0.0018510909090909112,-0.00926
147,Moorea,Carcharhinus galapagensis,41736,NT,0.2,2013,2003,0.32593,67.407,27,-0.0018510909090909112,-0.00926
147,Moorea,Carcharhinus leucas,39372,NT,0.2,2013,2005,0.32593,67.407,27,-0.0018510909090909112,-0.00926
147,Moorea,Carcharhinus limbatus,3851,NT,0.2,2013,2005,0.32593,67.407,27,-0.0018510909090909112,-0.00926
147,Moorea,Carcharhinus longimanus,39374,VU,0.4,2013,2006,0.32593,67.407,27,-0.0018510909090909112,-0.00926
147,Moorea,Carcharhinus melanopterus,39375,NT,0.2,2013,2005,0.32593,67.407,27,-0.0018510909090909112,-0.00926
147,French Polynesia,Caretta caretta,3897,EN,0.6,2013,1996,0.32593,67.407,27,-0.0018510909090909112,-0.00926
147,French Polynesia,Caretta caretta,84156809,CR,0.8,2013,NA,0.32593,67.407,27,-0.0018510909090909112,-0.00926
147,French Polynesia,Cheilinus undulatus,4592,EN,0.6,2013,2004,0.32593,67.407,27,-0.0018510909090909112,-0.00926
147,French Polynesia,Chelonia mydas,4615,EN,0.6,2013,2004,0.32593,67.407,27,-0.0018510909090909112,-0.00926
147,French Polynesia,Dermochelys coriacea,6494,VU,0.4,2013,2013,0.32593,67.407,27,-0.0018510909090909112,-0.00926
147,French Polynesia,Dermochelys coriacea,46967817,CR,0.8,2013,2013,0.32593,67.407,27,-0.0018510909090909112,-0.00926
147,Moorea,Eschrichtius robustus,8097,LC,0,2013,2008,0.32593,67.407,27,-0.0018510909090909112,-0.00926
147,French Polynesia,Galeocerdo cuvier,39378,NT,0.2,2013,2009,0.32593,67.407,27,-0.0018510909090909112,-0.00926
147,Moorea,Isistius brasiliensis,41851,LC,0,2013,2003,0.32593,67.407,27,-0.0018510909090909112,-0.00926
147,French Polynesia,Isurus oxyrinchus,39341,VU,0.4,2013,2009,0.32593,67.407,27,-0.0018510909090909112,-0.00926
147,French Polynesia,Megaptera novaeangliae,13006,LC,0,2013,2008,0.32593,67.407,27,-0.0018510909090909112,-0.00926
147,French Polynesia,Megaptera novaeangliae,132832,EN,0.6,2013,2008,0.32593,67.407,27,-0.0018510909090909112,-0.00926
147,Moorea,Nebrius ferrugineus,41835,VU,0.4,2013,2003,0.32593,67.407,27,-0.0018510909090909112,-0.00926
147,Moorea,Negaprion acutidens,41836,VU,0.4,2013,2003,0.32593,67.407,27,-0.0018510909090909112,-0.00926
147,French Polynesia,Prionace glauca,39381,NT,0.2,2013,2009,0.32593,67.407,27,-0.0018510909090909112,-0.00926
147,French Polynesia,Rhincodon typus,19488,VU,0.4,2013,2005,0.32593,67.407,27,-0.0018510909090909112,-0.00926
147,Moorea,Sphyrna lewini,39385,EN,0.6,2013,2007,0.32593,67.407,27,-0.0018510909090909112,-0.00926
147,Moorea,Sphyrna mokarran,39385,EN,0.6,2013,2007,0.32593,67.407,27,-0.0018510909090909112,-0.00926
147,French Polynesia,Steno bredanensis,20738,LC,0,2013,2012,0.32593,67.407,27,-0.0018510909090909112,-0.00926
147,French Polynesia,Triaenodon obesus,39384,NT,0.2,2013,2009,0.32593,67.407,27,-0.0018510909090909112,-0.00926
147,Moorea,Alopias pelagicus,161597,VU,0.4,2012,2004,0.33333,66.667,27,-0.0033002424242423267,-0.0165
147,French Polynesia,Alopias vulpinus,39339,VU,0.4,2012,2009,0.33333,66.667,27,-0.0033002424242423267,-0.0165
147,Moorea,Carcharhinus albimarginatus,161526,NT,0.2,2012,2007,0.33333,66.667,27,-0.0033002424242423267,-0.0165
147,French Polynesia,Carcharhinus amblyrhynchos,39365,NT,0.2,2012,2009,0.33333,66.667,27,-0.0033002424242423267,-0.0165
147,Moorea,Carcharhinus falciformis,39370,NT,0.2,2012,2009,0.33333,66.667,27,-0.0033002424242423267,-0.0165
147,Moorea,Carcharhinus galapagensis,41736,NT,0.2,2012,2003,0.33333,66.667,27,-0.0033002424242423267,-0.0165
147,Moorea,Carcharhinus leucas,39372,NT,0.2,2012,2005,0.33333,66.667,27,-0.0033002424242423267,-0.0165
147,Moorea,Carcharhinus limbatus,3851,NT,0.2,2012,2005,0.33333,66.667,27,-0.0033002424242423267,-0.0165
147,Moorea,Carcharhinus longimanus,39374,VU,0.4,2012,2006,0.33333,66.667,27,-0.0033002424242423267,-0.0165
147,Moorea,Carcharhinus melanopterus,39375,NT,0.2,2012,2005,0.33333,66.667,27,-0.0033002424242423267,-0.0165
147,French Polynesia,Caretta caretta,3897,EN,0.6,2012,1996,0.33333,66.667,27,-0.0033002424242423267,-0.0165
147,French Polynesia,Caretta caretta,84156809,CR,0.8,2012,NA,0.33333,66.667,27,-0.0033002424242423267,-0.0165
147,French Polynesia,Cheilinus undulatus,4592,EN,0.6,2012,2004,0.33333,66.667,27,-0.0033002424242423267,-0.0165
147,French Polynesia,Chelonia mydas,4615,EN,0.6,2012,2004,0.33333,66.667,27,-0.0033002424242423267,-0.0165
147,French Polynesia,Dermochelys coriacea,6494,CR,0.8,2012,2000,0.33333,66.667,27,-0.0033002424242423267,-0.0165
147,French Polynesia,Dermochelys coriacea,46967817,CR,0.8,2012,NA,0.33333,66.667,27,-0.0033002424242423267,-0.0165
147,Moorea,Eschrichtius robustus,8097,LC,0,2012,2008,0.33333,66.667,27,-0.0033002424242423267,-0.0165
147,French Polynesia,Galeocerdo cuvier,39378,NT,0.2,2012,2009,0.33333,66.667,27,-0.0033002424242423267,-0.0165
147,Moorea,Isistius brasiliensis,41850,LC,0,2012,2003,0.33333,66.667,27,-0.0033002424242423267,-0.0165
147,French Polynesia,Isurus oxyrinchus,39341,VU,0.4,2012,2009,0.33333,66.667,27,-0.0033002424242423267,-0.0165
147,French Polynesia,Megaptera novaeangliae,13006,LC,0,2012,2008,0.33333,66.667,27,-0.0033002424242423267,-0.0165
147,French Polynesia,Megaptera novaeangliae,132832,EN,0.6,2012,2008,0.33333,66.667,27,-0.0033002424242423267,-0.0165
147,Moorea,Nebrius ferrugineus,41835,VU,0.4,2012,2003,0.33333,66.667,27,-0.0033002424242423267,-0.0165
147,Moorea,Negaprion acutidens,41836,VU,0.4,2012,2003,0.33333,66.667,27,-0.0033002424242423267,-0.0165
147,French Polynesia,Prionace glauca,39381,NT,0.2,2012,2009,0.33333,66.667,27,-0.0033002424242423267,-0.0165
147,French Polynesia,Rhincodon typus,19488,VU,0.4,2012,2005,0.33333,66.667,27,-0.0033002424242423267,-0.0165
147,Moorea,Sphyrna lewini,39385,EN,0.6,2012,2007,0.33333,66.667,27,-0.0033002424242423267,-0.0165
147,Moorea,Sphyrna mokarran,39385,EN,0.6,2012,2007,0.33333,66.667,27,-0.0033002424242423267,-0.0165
147,French Polynesia,Steno bredanensis,20738,LC,0,2012,2012,0.33333,66.667,27,-0.0033002424242423267,-0.0165
147,French Polynesia,Triaenodon obesus,39384,NT,0.2,2012,2009,0.33333,66.667,27,-0.0033002424242423267,-0.0165
147,Moorea,Alopias pelagicus,161597,VU,0.4,2011,2004,0.33333,66.667,27,-0.003990242424242381,-0.01995
147,French Polynesia,Alopias vulpinus,39339,VU,0.4,2011,2009,0.33333,66.667,27,-0.003990242424242381,-0.01995
147,Moorea,Carcharhinus albimarginatus,161526,NT,0.2,2011,2007,0.33333,66.667,27,-0.003990242424242381,-0.01995
147,French Polynesia,Carcharhinus amblyrhynchos,39365,NT,0.2,2011,2009,0.33333,66.667,27,-0.003990242424242381,-0.01995
147,Moorea,Carcharhinus falciformis,39370,NT,0.2,2011,2009,0.33333,66.667,27,-0.003990242424242381,-0.01995
147,Moorea,Carcharhinus galapagensis,41736,NT,0.2,2011,2003,0.33333,66.667,27,-0.003990242424242381,-0.01995
147,Moorea,Carcharhinus leucas,39372,NT,0.2,2011,2005,0.33333,66.667,27,-0.003990242424242381,-0.01995
147,Moorea,Carcharhinus limbatus,3851,NT,0.2,2011,2005,0.33333,66.667,27,-0.003990242424242381,-0.01995
147,Moorea,Carcharhinus longimanus,39374,VU,0.4,2011,2006,0.33333,66.667,27,-0.003990242424242381,-0.01995
147,Moorea,Carcharhinus melanopterus,39375,NT,0.2,2011,2005,0.33333,66.667,27,-0.003990242424242381,-0.01995
147,French Polynesia,Caretta caretta,3897,EN,0.6,2011,1996,0.33333,66.667,27,-0.003990242424242381,-0.01995
147,French Polynesia,Caretta caretta,84156809,CR,0.8,2011,NA,0.33333,66.667,27,-0.003990242424242381,-0.01995
147,French Polynesia,Cheilinus undulatus,4592,EN,0.6,2011,2004,0.33333,66.667,27,-0.003990242424242381,-0.01995
147,French Polynesia,Chelonia mydas,4615,EN,0.6,2011,2004,0.33333,66.667,27,-0.003990242424242381,-0.01995
147,French Polynesia,Dermochelys coriacea,6494,CR,0.8,2011,2000,0.33333,66.667,27,-0.003990242424242381,-0.01995
147,French Polynesia,Dermochelys coriacea,46967817,CR,0.8,2011,NA,0.33333,66.667,27,-0.003990242424242381,-0.01995
147,Moorea,Eschrichtius robustus,8097,LC,0,2011,2008,0.33333,66.667,27,-0.003990242424242381,-0.01995
147,French Polynesia,Galeocerdo cuvier,39378,NT,0.2,2011,2009,0.33333,66.667,27,-0.003990242424242381,-0.01995
147,Moorea,Isistius brasiliensis,41849,LC,0,2011,2003,0.33333,66.667,27,-0.003990242424242381,-0.01995
147,French Polynesia,Isurus oxyrinchus,39341,VU,0.4,2011,2009,0.33333,66.667,27,-0.003990242424242381,-0.01995
147,French Polynesia,Megaptera novaeangliae,13006,LC,0,2011,2008,0.33333,66.667,27,-0.003990242424242381,-0.01995
147,French Polynesia,Megaptera novaeangliae,132832,EN,0.6,2011,2008,0.33333,66.667,27,-0.003990242424242381,-0.01995
147,Moorea,Nebrius ferrugineus,41835,VU,0.4,2011,2003,0.33333,66.667,27,-0.003990242424242381,-0.01995
147,Moorea,Negaprion acutidens,41836,VU,0.4,2011,2003,0.33333,66.667,27,-0.003990242424242381,-0.01995
147,French Polynesia,Prionace glauca,39381,NT,0.2,2011,2009,0.33333,66.667,27,-0.003990242424242381,-0.01995
147,French Polynesia,Rhincodon typus,19488,VU,0.4,2011,2005,0.33333,66.667,27,-0.003990242424242381,-0.01995
147,Moorea,Sphyrna lewini,39385,EN,0.6,2011,2007,0.33333,66.667,27,-0.003990242424242381,-0.01995
147,Moorea,Sphyrna mokarran,39385,EN,0.6,2011,2007,0.33333,66.667,27,-0.003990242424242381,-0.01995
147,French Polynesia,Steno bredanensis,20738,LC,0,2011,2008,0.33333,66.667,27,-0.003990242424242381,-0.01995
147,French Polynesia,Triaenodon obesus,39384,NT,0.2,2011,2009,0.33333,66.667,27,-0.003990242424242381,-0.01995
147,Moorea,Alopias pelagicus,161597,VU,0.4,2010,2004,0.33333,66.667,27,-0.004324727272727199,-0.02162
147,French Polynesia,Alopias vulpinus,39339,VU,0.4,2010,2009,0.33333,66.667,27,-0.004324727272727199,-0.02162
147,Moorea,Carcharhinus albimarginatus,161526,NT,0.2,2010,2007,0.33333,66.667,27,-0.004324727272727199,-0.02162
147,French Polynesia,Carcharhinus amblyrhynchos,39365,NT,0.2,2010,2009,0.33333,66.667,27,-0.004324727272727199,-0.02162
147,Moorea,Carcharhinus falciformis,39370,NT,0.2,2010,2009,0.33333,66.667,27,-0.004324727272727199,-0.02162
147,Moorea,Carcharhinus galapagensis,41736,NT,0.2,2010,2003,0.33333,66.667,27,-0.004324727272727199,-0.02162
147,Moorea,Carcharhinus leucas,39372,NT,0.2,2010,2005,0.33333,66.667,27,-0.004324727272727199,-0.02162
147,Moorea,Carcharhinus limbatus,3851,NT,0.2,2010,2005,0.33333,66.667,27,-0.004324727272727199,-0.02162
147,Moorea,Carcharhinus longimanus,39374,VU,0.4,2010,2006,0.33333,66.667,27,-0.004324727272727199,-0.02162
147,Moorea,Carcharhinus melanopterus,39375,NT,0.2,2010,2005,0.33333,66.667,27,-0.004324727272727199,-0.02162
147,French Polynesia,Caretta caretta,3897,EN,0.6,2010,1996,0.33333,66.667,27,-0.004324727272727199,-0.02162
147,French Polynesia,Caretta caretta,84156809,CR,0.8,2010,NA,0.33333,66.667,27,-0.004324727272727199,-0.02162
147,French Polynesia,Cheilinus undulatus,4592,EN,0.6,2010,2004,0.33333,66.667,27,-0.004324727272727199,-0.02162
147,French Polynesia,Chelonia mydas,4615,EN,0.6,2010,2004,0.33333,66.667,27,-0.004324727272727199,-0.02162
147,French Polynesia,Dermochelys coriacea,6494,CR,0.8,2010,2000,0.33333,66.667,27,-0.004324727272727199,-0.02162
147,French Polynesia,Dermochelys coriacea,46967817,CR,0.8,2010,NA,0.33333,66.667,27,-0.004324727272727199,-0.02162
147,Moorea,Eschrichtius robustus,8097,LC,0,2010,2008,0.33333,66.667,27,-0.004324727272727199,-0.02162
147,French Polynesia,Galeocerdo cuvier,39378,NT,0.2,2010,2009,0.33333,66.667,27,-0.004324727272727199,-0.02162
147,Moorea,Isistius brasiliensis,41848,LC,0,2010,2003,0.33333,66.667,27,-0.004324727272727199,-0.02162
147,French Polynesia,Isurus oxyrinchus,39341,VU,0.4,2010,2009,0.33333,66.667,27,-0.004324727272727199,-0.02162
147,French Polynesia,Megaptera novaeangliae,13006,LC,0,2010,2008,0.33333,66.667,27,-0.004324727272727199,-0.02162
147,French Polynesia,Megaptera novaeangliae,132832,EN,0.6,2010,2008,0.33333,66.667,27,-0.004324727272727199,-0.02162
147,Moorea,Nebrius ferrugineus,41835,VU,0.4,2010,2003,0.33333,66.667,27,-0.004324727272727199,-0.02162
147,Moorea,Negaprion acutidens,41836,VU,0.4,2010,2003,0.33333,66.667,27,-0.004324727272727199,-0.02162
147,French Polynesia,Prionace glauca,39381,NT,0.2,2010,2009,0.33333,66.667,27,-0.004324727272727199,-0.02162
147,French Polynesia,Rhincodon typus,19488,VU,0.4,2010,2005,0.33333,66.667,27,-0.004324727272727199,-0.02162
147,Moorea,Sphyrna lewini,39385,EN,0.6,2010,2007,0.33333,66.667,27,-0.004324727272727199,-0.02162
147,Moorea,Sphyrna mokarran,39385,EN,0.6,2010,2007,0.33333,66.667,27,-0.004324727272727199,-0.02162
147,French Polynesia,Steno bredanensis,20738,LC,0,2010,2008,0.33333,66.667,27,-0.004324727272727199,-0.02162
147,French Polynesia,Triaenodon obesus,39384,NT,0.2,2010,2009,0.33333,66.667,27,-0.004324727272727199,-0.02162
147,Moorea,Alopias pelagicus,161597,VU,0.4,2009,2004,0.33333,66.667,27,-0.004303696969696673,-0.02152
147,French Polynesia,Alopias vulpinus,39339,VU,0.4,2009,2009,0.33333,66.667,27,-0.004303696969696673,-0.02152
147,Moorea,Carcharhinus albimarginatus,161526,NT,0.2,2009,2007,0.33333,66.667,27,-0.004303696969696673,-0.02152
147,French Polynesia,Carcharhinus amblyrhynchos,39365,NT,0.2,2009,2009,0.33333,66.667,27,-0.004303696969696673,-0.02152
147,Moorea,Carcharhinus falciformis,39370,NT,0.2,2009,2009,0.33333,66.667,27,-0.004303696969696673,-0.02152
147,Moorea,Carcharhinus galapagensis,41736,NT,0.2,2009,2003,0.33333,66.667,27,-0.004303696969696673,-0.02152
147,Moorea,Carcharhinus leucas,39372,NT,0.2,2009,2005,0.33333,66.667,27,-0.004303696969696673,-0.02152
147,Moorea,Carcharhinus limbatus,3851,NT,0.2,2009,2005,0.33333,66.667,27,-0.004303696969696673,-0.02152
147,Moorea,Carcharhinus longimanus,39374,VU,0.4,2009,2006,0.33333,66.667,27,-0.004303696969696673,-0.02152
147,Moorea,Carcharhinus melanopterus,39375,NT,0.2,2009,2005,0.33333,66.667,27,-0.004303696969696673,-0.02152
147,French Polynesia,Caretta caretta,3897,EN,0.6,2009,1996,0.33333,66.667,27,-0.004303696969696673,-0.02152
147,French Polynesia,Caretta caretta,84156809,CR,0.8,2009,NA,0.33333,66.667,27,-0.004303696969696673,-0.02152
147,French Polynesia,Cheilinus undulatus,4592,EN,0.6,2009,2004,0.33333,66.667,27,-0.004303696969696673,-0.02152
147,French Polynesia,Chelonia mydas,4615,EN,0.6,2009,2004,0.33333,66.667,27,-0.004303696969696673,-0.02152
147,French Polynesia,Dermochelys coriacea,6494,CR,0.8,2009,2000,0.33333,66.667,27,-0.004303696969696673,-0.02152
147,French Polynesia,Dermochelys coriacea,46967817,CR,0.8,2009,NA,0.33333,66.667,27,-0.004303696969696673,-0.02152
147,Moorea,Eschrichtius robustus,8097,LC,0,2009,2008,0.33333,66.667,27,-0.004303696969696673,-0.02152
147,French Polynesia,Galeocerdo cuvier,39378,NT,0.2,2009,2009,0.33333,66.667,27,-0.004303696969696673,-0.02152
147,Moorea,Isistius brasiliensis,41847,LC,0,2009,2003,0.33333,66.667,27,-0.004303696969696673,-0.02152
147,French Polynesia,Isurus oxyrinchus,39341,VU,0.4,2009,2009,0.33333,66.667,27,-0.004303696969696673,-0.02152
147,French Polynesia,Megaptera novaeangliae,13006,LC,0,2009,2008,0.33333,66.667,27,-0.004303696969696673,-0.02152
147,French Polynesia,Megaptera novaeangliae,132832,EN,0.6,2009,2008,0.33333,66.667,27,-0.004303696969696673,-0.02152
147,Moorea,Nebrius ferrugineus,41835,VU,0.4,2009,2003,0.33333,66.667,27,-0.004303696969696673,-0.02152
147,Moorea,Negaprion acutidens,41836,VU,0.4,2009,2003,0.33333,66.667,27,-0.004303696969696673,-0.02152
147,French Polynesia,Prionace glauca,39381,NT,0.2,2009,2009,0.33333,66.667,27,-0.004303696969696673,-0.02152
147,French Polynesia,Rhincodon typus,19488,VU,0.4,2009,2005,0.33333,66.667,27,-0.004303696969696673,-0.02152
147,Moorea,Sphyrna lewini,39385,EN,0.6,2009,2007,0.33333,66.667,27,-0.004303696969696673,-0.02152
147,Moorea,Sphyrna mokarran,39385,EN,0.6,2009,2007,0.33333,66.667,27,-0.004303696969696673,-0.02152
147,French Polynesia,Steno bredanensis,20738,LC,0,2009,2008,0.33333,66.667,27,-0.004303696969696673,-0.02152
147,French Polynesia,Triaenodon obesus,39384,NT,0.2,2009,2009,0.33333,66.667,27,-0.004303696969696673,-0.02152
147,Moorea,Alopias pelagicus,161597,VU,0.4,2008,2004,0.33077,66.923,26,-0.0037089696969696295,-0.01854
147,French Polynesia,Alopias vulpinus,39339,VU,0.4,2008,NA,0.33077,66.923,26,-0.0037089696969696295,-0.01854
147,Moorea,Carcharhinus albimarginatus,161526,NT,0.2,2008,2007,0.33077,66.923,26,-0.0037089696969696295,-0.01854
147,French Polynesia,Carcharhinus amblyrhynchos,39365,NT,0.2,2008,2000,0.33077,66.923,26,-0.0037089696969696295,-0.01854
147,Moorea,Carcharhinus falciformis,39370,LC,NA,2008,2000,0.33077,66.923,26,-0.0037089696969696295,-0.01854
147,Moorea,Carcharhinus galapagensis,41736,NT,0.2,2008,2003,0.33077,66.923,26,-0.0037089696969696295,-0.01854
147,Moorea,Carcharhinus leucas,39372,NT,0.2,2008,2005,0.33077,66.923,26,-0.0037089696969696295,-0.01854
147,Moorea,Carcharhinus limbatus,3851,NT,0.2,2008,2005,0.33077,66.923,26,-0.0037089696969696295,-0.01854
147,Moorea,Carcharhinus longimanus,39374,VU,0.4,2008,2006,0.33077,66.923,26,-0.0037089696969696295,-0.01854
147,Moorea,Carcharhinus melanopterus,39375,NT,0.2,2008,2005,0.33077,66.923,26,-0.0037089696969696295,-0.01854
147,French Polynesia,Caretta caretta,3897,EN,0.6,2008,1996,0.33077,66.923,26,-0.0037089696969696295,-0.01854
147,French Polynesia,Caretta caretta,84156809,CR,0.8,2008,NA,0.33077,66.923,26,-0.0037089696969696295,-0.01854
147,French Polynesia,Cheilinus undulatus,4592,EN,0.6,2008,2004,0.33077,66.923,26,-0.0037089696969696295,-0.01854
147,French Polynesia,Chelonia mydas,4615,EN,0.6,2008,2004,0.33077,66.923,26,-0.0037089696969696295,-0.01854
147,French Polynesia,Dermochelys coriacea,6494,CR,0.8,2008,2000,0.33077,66.923,26,-0.0037089696969696295,-0.01854
147,French Polynesia,Dermochelys coriacea,46967817,CR,0.8,2008,NA,0.33077,66.923,26,-0.0037089696969696295,-0.01854
147,Moorea,Eschrichtius robustus,8097,LC,0,2008,2008,0.33077,66.923,26,-0.0037089696969696295,-0.01854
147,French Polynesia,Galeocerdo cuvier,39378,NT,0.2,2008,2000,0.33077,66.923,26,-0.0037089696969696295,-0.01854
147,Moorea,Isistius brasiliensis,41846,LC,0,2008,2003,0.33077,66.923,26,-0.0037089696969696295,-0.01854
147,French Polynesia,Isurus oxyrinchus,39341,NT,0.2,2008,2000,0.33077,66.923,26,-0.0037089696969696295,-0.01854
147,French Polynesia,Megaptera novaeangliae,13006,LC,0,2008,2008,0.33077,66.923,26,-0.0037089696969696295,-0.01854
147,French Polynesia,Megaptera novaeangliae,132832,EN,0.6,2008,2008,0.33077,66.923,26,-0.0037089696969696295,-0.01854
147,Moorea,Nebrius ferrugineus,41835,VU,0.4,2008,2003,0.33077,66.923,26,-0.0037089696969696295,-0.01854
147,Moorea,Negaprion acutidens,41836,VU,0.4,2008,2003,0.33077,66.923,26,-0.0037089696969696295,-0.01854
147,French Polynesia,Prionace glauca,39381,NT,0.2,2008,2000,0.33077,66.923,26,-0.0037089696969696295,-0.01854
147,French Polynesia,Rhincodon typus,19488,VU,0.4,2008,2005,0.33077,66.923,26,-0.0037089696969696295,-0.01854
147,Moorea,Sphyrna lewini,39385,EN,0.6,2008,2007,0.33077,66.923,26,-0.0037089696969696295,-0.01854
147,Moorea,Sphyrna mokarran,39385,EN,0.6,2008,2007,0.33077,66.923,26,-0.0037089696969696295,-0.01854
147,French Polynesia,Steno bredanensis,20738,LC,0,2008,2008,0.33077,66.923,26,-0.0037089696969696295,-0.01854
147,French Polynesia,Triaenodon obesus,39384,NT,0.2,2008,2000,0.33077,66.923,26,-0.0037089696969696295,-0.01854
147,Moorea,Alopias pelagicus,161597,VU,0.4,2007,2004,0.34615,65.385,26,-0.0029778787878789108,-0.01489
147,French Polynesia,Alopias vulpinus,39339,VU,0.4,2007,NA,0.34615,65.385,26,-0.0029778787878789108,-0.01489
147,Moorea,Carcharhinus albimarginatus,161526,NT,0.2,2007,2007,0.34615,65.385,26,-0.0029778787878789108,-0.01489
147,French Polynesia,Carcharhinus amblyrhynchos,39365,NT,0.2,2007,2000,0.34615,65.385,26,-0.0029778787878789108,-0.01489
147,Moorea,Carcharhinus falciformis,39370,LC,NA,2007,2000,0.34615,65.385,26,-0.0029778787878789108,-0.01489
147,Moorea,Carcharhinus galapagensis,41736,NT,0.2,2007,2003,0.34615,65.385,26,-0.0029778787878789108,-0.01489
147,Moorea,Carcharhinus leucas,39372,NT,0.2,2007,2005,0.34615,65.385,26,-0.0029778787878789108,-0.01489
147,Moorea,Carcharhinus limbatus,3851,NT,0.2,2007,2005,0.34615,65.385,26,-0.0029778787878789108,-0.01489
147,Moorea,Carcharhinus longimanus,39374,VU,0.4,2007,2006,0.34615,65.385,26,-0.0029778787878789108,-0.01489
147,Moorea,Carcharhinus melanopterus,39375,NT,0.2,2007,2005,0.34615,65.385,26,-0.0029778787878789108,-0.01489
147,French Polynesia,Caretta caretta,3897,EN,0.6,2007,1996,0.34615,65.385,26,-0.0029778787878789108,-0.01489
147,French Polynesia,Caretta caretta,84156809,CR,0.8,2007,NA,0.34615,65.385,26,-0.0029778787878789108,-0.01489
147,French Polynesia,Cheilinus undulatus,4592,EN,0.6,2007,2004,0.34615,65.385,26,-0.0029778787878789108,-0.01489
147,French Polynesia,Chelonia mydas,4615,EN,0.6,2007,2004,0.34615,65.385,26,-0.0029778787878789108,-0.01489
147,French Polynesia,Dermochelys coriacea,6494,CR,0.8,2007,2000,0.34615,65.385,26,-0.0029778787878789108,-0.01489
147,French Polynesia,Dermochelys coriacea,46967817,CR,0.8,2007,NA,0.34615,65.385,26,-0.0029778787878789108,-0.01489
147,Moorea,Eschrichtius robustus,8097,NT,0.2,2007,1996,0.34615,65.385,26,-0.0029778787878789108,-0.01489
147,French Polynesia,Galeocerdo cuvier,39378,NT,0.2,2007,2000,0.34615,65.385,26,-0.0029778787878789108,-0.01489
147,Moorea,Isistius brasiliensis,41845,LC,0,2007,2003,0.34615,65.385,26,-0.0029778787878789108,-0.01489
147,French Polynesia,Isurus oxyrinchus,39341,NT,0.2,2007,2000,0.34615,65.385,26,-0.0029778787878789108,-0.01489
147,French Polynesia,Megaptera novaeangliae,13006,VU,0.4,2007,1996,0.34615,65.385,26,-0.0029778787878789108,-0.01489
147,French Polynesia,Megaptera novaeangliae,132832,EN,0.6,2007,NA,0.34615,65.385,26,-0.0029778787878789108,-0.01489
147,Moorea,Nebrius ferrugineus,41835,VU,0.4,2007,2003,0.34615,65.385,26,-0.0029778787878789108,-0.01489
147,Moorea,Negaprion acutidens,41836,VU,0.4,2007,2003,0.34615,65.385,26,-0.0029778787878789108,-0.01489
147,French Polynesia,Prionace glauca,39381,NT,0.2,2007,2000,0.34615,65.385,26,-0.0029778787878789108,-0.01489
147,French Polynesia,Rhincodon typus,19488,VU,0.4,2007,2005,0.34615,65.385,26,-0.0029778787878789108,-0.01489
147,Moorea,Sphyrna lewini,39385,EN,0.6,2007,2007,0.34615,65.385,26,-0.0029778787878789108,-0.01489
147,Moorea,Sphyrna mokarran,39385,EN,0.6,2007,2007,0.34615,65.385,26,-0.0029778787878789108,-0.01489
147,French Polynesia,Steno bredanensis,20738,LC,0,2007,NA,0.34615,65.385,26,-0.0029778787878789108,-0.01489
147,French Polynesia,Triaenodon obesus,39384,NT,0.2,2007,2000,0.34615,65.385,26,-0.0029778787878789108,-0.01489
147,Moorea,Alopias pelagicus,161597,VU,0.4,2006,2004,0.32,68,25,-9.454545454545203e-4,-0.00473
147,French Polynesia,Alopias vulpinus,39339,VU,0.4,2006,NA,0.32,68,25,-9.454545454545203e-4,-0.00473
147,Moorea,Carcharhinus albimarginatus,161526,NA,0.2,2006,NA,0.32,68,25,-9.454545454545203e-4,-0.00473
147,French Polynesia,Carcharhinus amblyrhynchos,39365,NT,0.2,2006,2000,0.32,68,25,-9.454545454545203e-4,-0.00473
147,Moorea,Carcharhinus falciformis,39370,LC,NA,2006,2000,0.32,68,25,-9.454545454545203e-4,-0.00473
147,Moorea,Carcharhinus galapagensis,41736,NT,0.2,2006,2003,0.32,68,25,-9.454545454545203e-4,-0.00473
147,Moorea,Carcharhinus leucas,39372,NT,0.2,2006,2005,0.32,68,25,-9.454545454545203e-4,-0.00473
147,Moorea,Carcharhinus limbatus,3851,NT,0.2,2006,2005,0.32,68,25,-9.454545454545203e-4,-0.00473
147,Moorea,Carcharhinus longimanus,39374,VU,0.4,2006,2006,0.32,68,25,-9.454545454545203e-4,-0.00473
147,Moorea,Carcharhinus melanopterus,39375,NT,0.2,2006,2005,0.32,68,25,-9.454545454545203e-4,-0.00473
147,French Polynesia,Caretta caretta,3897,EN,0.6,2006,1996,0.32,68,25,-9.454545454545203e-4,-0.00473
147,French Polynesia,Caretta caretta,84156809,CR,0.8,2006,NA,0.32,68,25,-9.454545454545203e-4,-0.00473
147,French Polynesia,Cheilinus undulatus,4592,EN,0.6,2006,2004,0.32,68,25,-9.454545454545203e-4,-0.00473
147,French Polynesia,Chelonia mydas,4615,EN,0.6,2006,2004,0.32,68,25,-9.454545454545203e-4,-0.00473
147,French Polynesia,Dermochelys coriacea,6494,CR,0.8,2006,2000,0.32,68,25,-9.454545454545203e-4,-0.00473
147,French Polynesia,Dermochelys coriacea,46967817,CR,0.8,2006,NA,0.32,68,25,-9.454545454545203e-4,-0.00473
147,Moorea,Eschrichtius robustus,8097,NT,0.2,2006,1996,0.32,68,25,-9.454545454545203e-4,-0.00473
147,French Polynesia,Galeocerdo cuvier,39378,NT,0.2,2006,2000,0.32,68,25,-9.454545454545203e-4,-0.00473
147,Moorea,Isistius brasiliensis,41844,LC,0,2006,2003,0.32,68,25,-9.454545454545203e-4,-0.00473
147,French Polynesia,Isurus oxyrinchus,39341,NT,0.2,2006,2000,0.32,68,25,-9.454545454545203e-4,-0.00473
147,French Polynesia,Megaptera novaeangliae,13006,VU,0.4,2006,1996,0.32,68,25,-9.454545454545203e-4,-0.00473
147,French Polynesia,Megaptera novaeangliae,132832,EN,0.6,2006,NA,0.32,68,25,-9.454545454545203e-4,-0.00473
147,Moorea,Nebrius ferrugineus,41835,VU,0.4,2006,2003,0.32,68,25,-9.454545454545203e-4,-0.00473
147,Moorea,Negaprion acutidens,41836,VU,0.4,2006,2003,0.32,68,25,-9.454545454545203e-4,-0.00473
147,French Polynesia,Prionace glauca,39381,NT,0.2,2006,2000,0.32,68,25,-9.454545454545203e-4,-0.00473
147,French Polynesia,Rhincodon typus,19488,VU,0.4,2006,2005,0.32,68,25,-9.454545454545203e-4,-0.00473
147,Moorea,Sphyrna lewini,39385,NT,0.2,2006,2000,0.32,68,25,-9.454545454545203e-4,-0.00473
147,Moorea,Sphyrna mokarran,39385,DD,NA,2006,2000,0.32,68,25,-9.454545454545203e-4,-0.00473
147,French Polynesia,Steno bredanensis,20738,LC,0,2006,NA,0.32,68,25,-9.454545454545203e-4,-0.00473
147,French Polynesia,Triaenodon obesus,39384,NT,0.2,2006,2000,0.32,68,25,-9.454545454545203e-4,-0.00473
147,Moorea,Alopias pelagicus,161597,VU,0.4,2005,2004,0.312,68.8,25,-1.939393939393633e-4,-9.7e-4
147,French Polynesia,Alopias vulpinus,39339,VU,0.4,2005,NA,0.312,68.8,25,-1.939393939393633e-4,-9.7e-4
147,Moorea,Carcharhinus albimarginatus,161526,NA,0.2,2005,NA,0.312,68.8,25,-1.939393939393633e-4,-9.7e-4
147,French Polynesia,Carcharhinus amblyrhynchos,39365,NT,0.2,2005,2000,0.312,68.8,25,-1.939393939393633e-4,-9.7e-4
147,Moorea,Carcharhinus falciformis,39370,LC,NA,2005,2000,0.312,68.8,25,-1.939393939393633e-4,-9.7e-4
147,Moorea,Carcharhinus galapagensis,41736,NT,0.2,2005,2003,0.312,68.8,25,-1.939393939393633e-4,-9.7e-4
147,Moorea,Carcharhinus leucas,39372,NT,0.2,2005,2005,0.312,68.8,25,-1.939393939393633e-4,-9.7e-4
147,Moorea,Carcharhinus limbatus,3851,NT,0.2,2005,2005,0.312,68.8,25,-1.939393939393633e-4,-9.7e-4
147,Moorea,Carcharhinus longimanus,39374,NT,0.2,2005,2000,0.312,68.8,25,-1.939393939393633e-4,-9.7e-4
147,Moorea,Carcharhinus melanopterus,39375,NT,0.2,2005,2005,0.312,68.8,25,-1.939393939393633e-4,-9.7e-4
147,French Polynesia,Caretta caretta,3897,EN,0.6,2005,1996,0.312,68.8,25,-1.939393939393633e-4,-9.7e-4
147,French Polynesia,Caretta caretta,84156809,CR,0.8,2005,NA,0.312,68.8,25,-1.939393939393633e-4,-9.7e-4
147,French Polynesia,Cheilinus undulatus,4592,EN,0.6,2005,2004,0.312,68.8,25,-1.939393939393633e-4,-9.7e-4
147,French Polynesia,Chelonia mydas,4615,EN,0.6,2005,2004,0.312,68.8,25,-1.939393939393633e-4,-9.7e-4
147,French Polynesia,Dermochelys coriacea,6494,CR,0.8,2005,2000,0.312,68.8,25,-1.939393939393633e-4,-9.7e-4
147,French Polynesia,Dermochelys coriacea,46967817,CR,0.8,2005,NA,0.312,68.8,25,-1.939393939393633e-4,-9.7e-4
147,Moorea,Eschrichtius robustus,8097,NT,0.2,2005,1996,0.312,68.8,25,-1.939393939393633e-4,-9.7e-4
147,French Polynesia,Galeocerdo cuvier,39378,NT,0.2,2005,2000,0.312,68.8,25,-1.939393939393633e-4,-9.7e-4
147,Moorea,Isistius brasiliensis,41843,LC,0,2005,2003,0.312,68.8,25,-1.939393939393633e-4,-9.7e-4
147,French Polynesia,Isurus oxyrinchus,39341,NT,0.2,2005,2000,0.312,68.8,25,-1.939393939393633e-4,-9.7e-4
147,French Polynesia,Megaptera novaeangliae,13006,VU,0.4,2005,1996,0.312,68.8,25,-1.939393939393633e-4,-9.7e-4
147,French Polynesia,Megaptera novaeangliae,132832,EN,0.6,2005,NA,0.312,68.8,25,-1.939393939393633e-4,-9.7e-4
147,Moorea,Nebrius ferrugineus,41835,VU,0.4,2005,2003,0.312,68.8,25,-1.939393939393633e-4,-9.7e-4
147,Moorea,Negaprion acutidens,41836,VU,0.4,2005,2003,0.312,68.8,25,-1.939393939393633e-4,-9.7e-4
147,French Polynesia,Prionace glauca,39381,NT,0.2,2005,2000,0.312,68.8,25,-1.939393939393633e-4,-9.7e-4
147,French Polynesia,Rhincodon typus,19488,VU,0.4,2005,2005,0.312,68.8,25,-1.939393939393633e-4,-9.7e-4
147,Moorea,Sphyrna lewini,39385,NT,0.2,2005,2000,0.312,68.8,25,-1.939393939393633e-4,-9.7e-4
147,Moorea,Sphyrna mokarran,39385,DD,NA,2005,2000,0.312,68.8,25,-1.939393939393633e-4,-9.7e-4
147,French Polynesia,Steno bredanensis,20738,LC,0,2005,NA,0.312,68.8,25,-1.939393939393633e-4,-9.7e-4
147,French Polynesia,Triaenodon obesus,39384,NT,0.2,2005,2000,0.312,68.8,25,-1.939393939393633e-4,-9.7e-4
147,Moorea,Alopias pelagicus,161597,VU,0.4,2004,2004,0.312,68.8,25,-4.848484848486124e-5,-2.4e-4
147,French Polynesia,Alopias vulpinus,39339,VU,0.4,2004,NA,0.312,68.8,25,-4.848484848486124e-5,-2.4e-4
147,Moorea,Carcharhinus albimarginatus,161526,NA,0.2,2004,NA,0.312,68.8,25,-4.848484848486124e-5,-2.4e-4
147,French Polynesia,Carcharhinus amblyrhynchos,39365,NT,0.2,2004,2000,0.312,68.8,25,-4.848484848486124e-5,-2.4e-4
147,Moorea,Carcharhinus falciformis,39370,LC,NA,2004,2000,0.312,68.8,25,-4.848484848486124e-5,-2.4e-4
147,Moorea,Carcharhinus galapagensis,41736,NT,0.2,2004,2003,0.312,68.8,25,-4.848484848486124e-5,-2.4e-4
147,Moorea,Carcharhinus leucas,39372,NT,0.2,2004,2000,0.312,68.8,25,-4.848484848486124e-5,-2.4e-4
147,Moorea,Carcharhinus limbatus,3851,NT,0.2,2004,2000,0.312,68.8,25,-4.848484848486124e-5,-2.4e-4
147,Moorea,Carcharhinus longimanus,39374,NT,0.2,2004,2000,0.312,68.8,25,-4.848484848486124e-5,-2.4e-4
147,Moorea,Carcharhinus melanopterus,39375,NT,0.2,2004,2000,0.312,68.8,25,-4.848484848486124e-5,-2.4e-4
147,French Polynesia,Caretta caretta,3897,EN,0.6,2004,1996,0.312,68.8,25,-4.848484848486124e-5,-2.4e-4
147,French Polynesia,Caretta caretta,84156809,CR,0.8,2004,NA,0.312,68.8,25,-4.848484848486124e-5,-2.4e-4
147,French Polynesia,Cheilinus undulatus,4592,EN,0.6,2004,2004,0.312,68.8,25,-4.848484848486124e-5,-2.4e-4
147,French Polynesia,Chelonia mydas,4615,EN,0.6,2004,2004,0.312,68.8,25,-4.848484848486124e-5,-2.4e-4
147,French Polynesia,Dermochelys coriacea,6494,CR,0.8,2004,2000,0.312,68.8,25,-4.848484848486124e-5,-2.4e-4
147,French Polynesia,Dermochelys coriacea,46967817,CR,0.8,2004,NA,0.312,68.8,25,-4.848484848486124e-5,-2.4e-4
147,Moorea,Eschrichtius robustus,8097,NT,0.2,2004,1996,0.312,68.8,25,-4.848484848486124e-5,-2.4e-4
147,French Polynesia,Galeocerdo cuvier,39378,NT,0.2,2004,2000,0.312,68.8,25,-4.848484848486124e-5,-2.4e-4
147,Moorea,Isistius brasiliensis,41842,LC,0,2004,2003,0.312,68.8,25,-4.848484848486124e-5,-2.4e-4
147,French Polynesia,Isurus oxyrinchus,39341,NT,0.2,2004,2000,0.312,68.8,25,-4.848484848486124e-5,-2.4e-4
147,French Polynesia,Megaptera novaeangliae,13006,VU,0.4,2004,1996,0.312,68.8,25,-4.848484848486124e-5,-2.4e-4
147,French Polynesia,Megaptera novaeangliae,132832,EN,0.6,2004,NA,0.312,68.8,25,-4.848484848486124e-5,-2.4e-4
147,Moorea,Nebrius ferrugineus,41835,VU,0.4,2004,2003,0.312,68.8,25,-4.848484848486124e-5,-2.4e-4
147,Moorea,Negaprion acutidens,41836,VU,0.4,2004,2003,0.312,68.8,25,-4.848484848486124e-5,-2.4e-4
147,French Polynesia,Prionace glauca,39381,NT,0.2,2004,2000,0.312,68.8,25,-4.848484848486124e-5,-2.4e-4
147,French Polynesia,Rhincodon typus,19488,VU,0.4,2004,2000,0.312,68.8,25,-4.848484848486124e-5,-2.4e-4
147,Moorea,Sphyrna lewini,39385,NT,0.2,2004,2000,0.312,68.8,25,-4.848484848486124e-5,-2.4e-4
147,Moorea,Sphyrna mokarran,39385,DD,NA,2004,2000,0.312,68.8,25,-4.848484848486124e-5,-2.4e-4
147,French Polynesia,Steno bredanensis,20738,LC,0,2004,NA,0.312,68.8,25,-4.848484848486124e-5,-2.4e-4
147,French Polynesia,Triaenodon obesus,39384,NT,0.2,2004,2000,0.312,68.8,25,-4.848484848486124e-5,-2.4e-4
147,Moorea,Alopias pelagicus,161597,VU,0.4,2003,NA,0.304,69.6,25,1.939393939393873e-4,9.7e-4
147,French Polynesia,Alopias vulpinus,39339,VU,0.4,2003,NA,0.304,69.6,25,1.939393939393873e-4,9.7e-4
147,Moorea,Carcharhinus albimarginatus,161526,NA,0.2,2003,NA,0.304,69.6,25,1.939393939393873e-4,9.7e-4
147,French Polynesia,Carcharhinus amblyrhynchos,39365,NT,0.2,2003,2000,0.304,69.6,25,1.939393939393873e-4,9.7e-4
147,Moorea,Carcharhinus falciformis,39370,LC,NA,2003,2000,0.304,69.6,25,1.939393939393873e-4,9.7e-4
147,Moorea,Carcharhinus galapagensis,41736,NT,0.2,2003,2003,0.304,69.6,25,1.939393939393873e-4,9.7e-4
147,Moorea,Carcharhinus leucas,39372,NT,0.2,2003,2000,0.304,69.6,25,1.939393939393873e-4,9.7e-4
147,Moorea,Carcharhinus limbatus,3851,NT,0.2,2003,2000,0.304,69.6,25,1.939393939393873e-4,9.7e-4
147,Moorea,Carcharhinus longimanus,39374,NT,0.2,2003,2000,0.304,69.6,25,1.939393939393873e-4,9.7e-4
147,Moorea,Carcharhinus melanopterus,39375,NT,0.2,2003,2000,0.304,69.6,25,1.939393939393873e-4,9.7e-4
147,French Polynesia,Caretta caretta,3897,EN,0.6,2003,1996,0.304,69.6,25,1.939393939393873e-4,9.7e-4
147,French Polynesia,Caretta caretta,84156809,CR,0.8,2003,NA,0.304,69.6,25,1.939393939393873e-4,9.7e-4
147,French Polynesia,Cheilinus undulatus,4592,VU,0.4,2003,1996,0.304,69.6,25,1.939393939393873e-4,9.7e-4
147,French Polynesia,Chelonia mydas,4615,EN,0.6,2003,1996,0.304,69.6,25,1.939393939393873e-4,9.7e-4
147,French Polynesia,Dermochelys coriacea,6494,CR,0.8,2003,2000,0.304,69.6,25,1.939393939393873e-4,9.7e-4
147,French Polynesia,Dermochelys coriacea,46967817,CR,0.8,2003,NA,0.304,69.6,25,1.939393939393873e-4,9.7e-4
147,Moorea,Eschrichtius robustus,8097,NT,0.2,2003,1996,0.304,69.6,25,1.939393939393873e-4,9.7e-4
147,French Polynesia,Galeocerdo cuvier,39378,NT,0.2,2003,2000,0.304,69.6,25,1.939393939393873e-4,9.7e-4
147,Moorea,Isistius brasiliensis,41841,LC,0,2003,2003,0.304,69.6,25,1.939393939393873e-4,9.7e-4
147,French Polynesia,Isurus oxyrinchus,39341,NT,0.2,2003,2000,0.304,69.6,25,1.939393939393873e-4,9.7e-4
147,French Polynesia,Megaptera novaeangliae,13006,VU,0.4,2003,1996,0.304,69.6,25,1.939393939393873e-4,9.7e-4
147,French Polynesia,Megaptera novaeangliae,132832,EN,0.6,2003,NA,0.304,69.6,25,1.939393939393873e-4,9.7e-4
147,Moorea,Nebrius ferrugineus,41835,VU,0.4,2003,2003,0.304,69.6,25,1.939393939393873e-4,9.7e-4
147,Moorea,Negaprion acutidens,41836,VU,0.4,2003,2003,0.304,69.6,25,1.939393939393873e-4,9.7e-4
147,French Polynesia,Prionace glauca,39381,NT,0.2,2003,2000,0.304,69.6,25,1.939393939393873e-4,9.7e-4
147,French Polynesia,Rhincodon typus,19488,VU,0.4,2003,2000,0.304,69.6,25,1.939393939393873e-4,9.7e-4
147,Moorea,Sphyrna lewini,39385,NT,0.2,2003,2000,0.304,69.6,25,1.939393939393873e-4,9.7e-4
147,Moorea,Sphyrna mokarran,39385,DD,NA,2003,2000,0.304,69.6,25,1.939393939393873e-4,9.7e-4
147,French Polynesia,Steno bredanensis,20738,LC,0,2003,NA,0.304,69.6,25,1.939393939393873e-4,9.7e-4
147,French Polynesia,Triaenodon obesus,39384,NT,0.2,2003,2000,0.304,69.6,25,1.939393939393873e-4,9.7e-4
147,Moorea,Alopias pelagicus,161597,VU,0.4,2002,NA,0.304,69.6,25,-2.064184998881231e-17,-0
147,French Polynesia,Alopias vulpinus,39339,VU,0.4,2002,NA,0.304,69.6,25,-2.064184998881231e-17,-0
147,Moorea,Carcharhinus albimarginatus,161526,NA,0.2,2002,NA,0.304,69.6,25,-2.064184998881231e-17,-0
147,French Polynesia,Carcharhinus amblyrhynchos,39365,NT,0.2,2002,2000,0.304,69.6,25,-2.064184998881231e-17,-0
147,Moorea,Carcharhinus falciformis,39370,LC,NA,2002,2000,0.304,69.6,25,-2.064184998881231e-17,-0
147,Moorea,Carcharhinus galapagensis,41736,NT,0.2,2002,NA,0.304,69.6,25,-2.064184998881231e-17,-0
147,Moorea,Carcharhinus leucas,39372,NT,0.2,2002,2000,0.304,69.6,25,-2.064184998881231e-17,-0
147,Moorea,Carcharhinus limbatus,3851,NT,0.2,2002,2000,0.304,69.6,25,-2.064184998881231e-17,-0
147,Moorea,Carcharhinus longimanus,39374,NT,0.2,2002,2000,0.304,69.6,25,-2.064184998881231e-17,-0
147,Moorea,Carcharhinus melanopterus,39375,NT,0.2,2002,2000,0.304,69.6,25,-2.064184998881231e-17,-0
147,French Polynesia,Caretta caretta,3897,EN,0.6,2002,1996,0.304,69.6,25,-2.064184998881231e-17,-0
147,French Polynesia,Caretta caretta,84156809,CR,0.8,2002,NA,0.304,69.6,25,-2.064184998881231e-17,-0
147,French Polynesia,Cheilinus undulatus,4592,VU,0.4,2002,1996,0.304,69.6,25,-2.064184998881231e-17,-0
147,French Polynesia,Chelonia mydas,4615,EN,0.6,2002,1996,0.304,69.6,25,-2.064184998881231e-17,-0
147,French Polynesia,Dermochelys coriacea,6494,CR,0.8,2002,2000,0.304,69.6,25,-2.064184998881231e-17,-0
147,French Polynesia,Dermochelys coriacea,46967817,CR,0.8,2002,NA,0.304,69.6,25,-2.064184998881231e-17,-0
147,Moorea,Eschrichtius robustus,8097,NT,0.2,2002,1996,0.304,69.6,25,-2.064184998881231e-17,-0
147,French Polynesia,Galeocerdo cuvier,39378,NT,0.2,2002,2000,0.304,69.6,25,-2.064184998881231e-17,-0
147,Moorea,Isistius brasiliensis,41840,LC,0,2002,NA,0.304,69.6,25,-2.064184998881231e-17,-0
147,French Polynesia,Isurus oxyrinchus,39341,NT,0.2,2002,2000,0.304,69.6,25,-2.064184998881231e-17,-0
147,French Polynesia,Megaptera novaeangliae,13006,VU,0.4,2002,1996,0.304,69.6,25,-2.064184998881231e-17,-0
147,French Polynesia,Megaptera novaeangliae,132832,EN,0.6,2002,NA,0.304,69.6,25,-2.064184998881231e-17,-0
147,Moorea,Nebrius ferrugineus,41835,VU,0.4,2002,NA,0.304,69.6,25,-2.064184998881231e-17,-0
147,Moorea,Negaprion acutidens,41836,VU,0.4,2002,NA,0.304,69.6,25,-2.064184998881231e-17,-0
147,French Polynesia,Prionace glauca,39381,NT,0.2,2002,2000,0.304,69.6,25,-2.064184998881231e-17,-0
147,French Polynesia,Rhincodon typus,19488,VU,0.4,2002,2000,0.304,69.6,25,-2.064184998881231e-17,-0
147,Moorea,Sphyrna lewini,39385,NT,0.2,2002,2000,0.304,69.6,25,-2.064184998881231e-17,-0
147,Moorea,Sphyrna mokarran,39385,DD,NA,2002,2000,0.304,69.6,25,-2.064184998881231e-17,-0
147,French Polynesia,Steno bredanensis,20738,LC,0,2002,NA,0.304,69.6,25,-2.064184998881231e-17,-0
147,French Polynesia,Triaenodon obesus,39384,NT,0.2,2002,2000,0.304,69.6,25,-2.064184998881231e-17,-0
147,Moorea,Alopias pelagicus,161597,VU,0.4,2001,NA,0.304,69.6,25,-1.9393939393940078e-4,-9.7e-4
147,French Polynesia,Alopias vulpinus,39339,VU,0.4,2001,NA,0.304,69.6,25,-1.9393939393940078e-4,-9.7e-4
147,Moorea,Carcharhinus albimarginatus,161526,NA,0.2,2001,NA,0.304,69.6,25,-1.9393939393940078e-4,-9.7e-4
147,French Polynesia,Carcharhinus amblyrhynchos,39365,NT,0.2,2001,2000,0.304,69.6,25,-1.9393939393940078e-4,-9.7e-4
147,Moorea,Carcharhinus falciformis,39370,LC,NA,2001,2000,0.304,69.6,25,-1.9393939393940078e-4,-9.7e-4
147,Moorea,Carcharhinus galapagensis,41736,NT,0.2,2001,NA,0.304,69.6,25,-1.9393939393940078e-4,-9.7e-4
147,Moorea,Carcharhinus leucas,39372,NT,0.2,2001,2000,0.304,69.6,25,-1.9393939393940078e-4,-9.7e-4
147,Moorea,Carcharhinus limbatus,3851,NT,0.2,2001,2000,0.304,69.6,25,-1.9393939393940078e-4,-9.7e-4
147,Moorea,Carcharhinus longimanus,39374,NT,0.2,2001,2000,0.304,69.6,25,-1.9393939393940078e-4,-9.7e-4
147,Moorea,Carcharhinus melanopterus,39375,NT,0.2,2001,2000,0.304,69.6,25,-1.9393939393940078e-4,-9.7e-4
147,French Polynesia,Caretta caretta,3897,EN,0.6,2001,1996,0.304,69.6,25,-1.9393939393940078e-4,-9.7e-4
147,French Polynesia,Caretta caretta,84156809,CR,0.8,2001,NA,0.304,69.6,25,-1.9393939393940078e-4,-9.7e-4
147,French Polynesia,Cheilinus undulatus,4592,VU,0.4,2001,1996,0.304,69.6,25,-1.9393939393940078e-4,-9.7e-4
147,French Polynesia,Chelonia mydas,4615,EN,0.6,2001,1996,0.304,69.6,25,-1.9393939393940078e-4,-9.7e-4
147,French Polynesia,Dermochelys coriacea,6494,CR,0.8,2001,2000,0.304,69.6,25,-1.9393939393940078e-4,-9.7e-4
147,French Polynesia,Dermochelys coriacea,46967817,CR,0.8,2001,NA,0.304,69.6,25,-1.9393939393940078e-4,-9.7e-4
147,Moorea,Eschrichtius robustus,8097,NT,0.2,2001,1996,0.304,69.6,25,-1.9393939393940078e-4,-9.7e-4
147,French Polynesia,Galeocerdo cuvier,39378,NT,0.2,2001,2000,0.304,69.6,25,-1.9393939393940078e-4,-9.7e-4
147,Moorea,Isistius brasiliensis,41839,LC,0,2001,NA,0.304,69.6,25,-1.9393939393940078e-4,-9.7e-4
147,French Polynesia,Isurus oxyrinchus,39341,NT,0.2,2001,2000,0.304,69.6,25,-1.9393939393940078e-4,-9.7e-4
147,French Polynesia,Megaptera novaeangliae,13006,VU,0.4,2001,1996,0.304,69.6,25,-1.9393939393940078e-4,-9.7e-4
147,French Polynesia,Megaptera novaeangliae,132832,EN,0.6,2001,NA,0.304,69.6,25,-1.9393939393940078e-4,-9.7e-4
147,Moorea,Nebrius ferrugineus,41835,VU,0.4,2001,NA,0.304,69.6,25,-1.9393939393940078e-4,-9.7e-4
147,Moorea,Negaprion acutidens,41836,VU,0.4,2001,NA,0.304,69.6,25,-1.9393939393940078e-4,-9.7e-4
147,French Polynesia,Prionace glauca,39381,NT,0.2,2001,2000,0.304,69.6,25,-1.9393939393940078e-4,-9.7e-4
147,French Polynesia,Rhincodon typus,19488,VU,0.4,2001,2000,0.304,69.6,25,-1.9393939393940078e-4,-9.7e-4
147,Moorea,Sphyrna lewini,39385,NT,0.2,2001,2000,0.304,69.6,25,-1.9393939393940078e-4,-9.7e-4
147,Moorea,Sphyrna mokarran,39385,DD,NA,2001,2000,0.304,69.6,25,-1.9393939393940078e-4,-9.7e-4
147,French Polynesia,Steno bredanensis,20738,LC,0,2001,NA,0.304,69.6,25,-1.9393939393940078e-4,-9.7e-4
147,French Polynesia,Triaenodon obesus,39384,NT,0.2,2001,2000,0.304,69.6,25,-1.9393939393940078e-4,-9.7e-4
147,Moorea,Alopias pelagicus,161597,VU,0.4,2e3,NA,0.304,69.6,25,-3.9999999999999606e-4,-0.002
147,French Polynesia,Alopias vulpinus,39339,VU,0.4,2e3,NA,0.304,69.6,25,-3.9999999999999606e-4,-0.002
147,Moorea,Carcharhinus albimarginatus,161526,NA,0.2,2e3,NA,0.304,69.6,25,-3.9999999999999606e-4,-0.002
147,French Polynesia,Carcharhinus amblyrhynchos,39365,NT,0.2,2e3,2000,0.304,69.6,25,-3.9999999999999606e-4,-0.002
147,Moorea,Carcharhinus falciformis,39370,LC,NA,2e3,2000,0.304,69.6,25,-3.9999999999999606e-4,-0.002
147,Moorea,Carcharhinus galapagensis,41736,NT,0.2,2e3,NA,0.304,69.6,25,-3.9999999999999606e-4,-0.002
147,Moorea,Carcharhinus leucas,39372,NT,0.2,2e3,2000,0.304,69.6,25,-3.9999999999999606e-4,-0.002
147,Moorea,Carcharhinus limbatus,3851,NT,0.2,2e3,2000,0.304,69.6,25,-3.9999999999999606e-4,-0.002
147,Moorea,Carcharhinus longimanus,39374,NT,0.2,2e3,2000,0.304,69.6,25,-3.9999999999999606e-4,-0.002
147,Moorea,Carcharhinus melanopterus,39375,NT,0.2,2e3,2000,0.304,69.6,25,-3.9999999999999606e-4,-0.002
147,French Polynesia,Caretta caretta,3897,EN,0.6,2e3,1996,0.304,69.6,25,-3.9999999999999606e-4,-0.002
147,French Polynesia,Caretta caretta,84156809,CR,0.8,2e3,NA,0.304,69.6,25,-3.9999999999999606e-4,-0.002
147,French Polynesia,Cheilinus undulatus,4592,VU,0.4,2e3,1996,0.304,69.6,25,-3.9999999999999606e-4,-0.002
147,French Polynesia,Chelonia mydas,4615,EN,0.6,2e3,1996,0.304,69.6,25,-3.9999999999999606e-4,-0.002
147,French Polynesia,Dermochelys coriacea,6494,CR,0.8,2e3,2000,0.304,69.6,25,-3.9999999999999606e-4,-0.002
147,French Polynesia,Dermochelys coriacea,46967817,CR,0.8,2e3,NA,0.304,69.6,25,-3.9999999999999606e-4,-0.002
147,Moorea,Eschrichtius robustus,8097,NT,0.2,2e3,1996,0.304,69.6,25,-3.9999999999999606e-4,-0.002
147,French Polynesia,Galeocerdo cuvier,39378,NT,0.2,2e3,2000,0.304,69.6,25,-3.9999999999999606e-4,-0.002
147,Moorea,Isistius brasiliensis,41838,LC,0,2e3,NA,0.304,69.6,25,-3.9999999999999606e-4,-0.002
147,French Polynesia,Isurus oxyrinchus,39341,NT,0.2,2e3,2000,0.304,69.6,25,-3.9999999999999606e-4,-0.002
147,French Polynesia,Megaptera novaeangliae,13006,VU,0.4,2e3,1996,0.304,69.6,25,-3.9999999999999606e-4,-0.002
147,French Polynesia,Megaptera novaeangliae,132832,EN,0.6,2e3,NA,0.304,69.6,25,-3.9999999999999606e-4,-0.002
147,Moorea,Nebrius ferrugineus,41835,VU,0.4,2e3,NA,0.304,69.6,25,-3.9999999999999606e-4,-0.002
147,Moorea,Negaprion acutidens,41836,VU,0.4,2e3,NA,0.304,69.6,25,-3.9999999999999606e-4,-0.002
147,French Polynesia,Prionace glauca,39381,NT,0.2,2e3,2000,0.304,69.6,25,-3.9999999999999606e-4,-0.002
147,French Polynesia,Rhincodon typus,19488,VU,0.4,2e3,2000,0.304,69.6,25,-3.9999999999999606e-4,-0.002
147,Moorea,Sphyrna lewini,39385,NT,0.2,2e3,2000,0.304,69.6,25,-3.9999999999999606e-4,-0.002
147,Moorea,Sphyrna mokarran,39385,DD,NA,2e3,2000,0.304,69.6,25,-3.9999999999999606e-4,-0.002
147,French Polynesia,Steno bredanensis,20738,LC,0,2e3,NA,0.304,69.6,25,-3.9999999999999606e-4,-0.002
147,French Polynesia,Triaenodon obesus,39384,NT,0.2,2e3,2000,0.304,69.6,25,-3.9999999999999606e-4,-0.002
147,Moorea,Alopias pelagicus,161597,VU,0.4,1999,NA,0.308,69.19999999999999,25,-7.619047619046968e-4,-0.00381
147,French Polynesia,Alopias vulpinus,39339,VU,0.4,1999,NA,0.308,69.19999999999999,25,-7.619047619046968e-4,-0.00381
147,Moorea,Carcharhinus albimarginatus,161526,NA,0.2,1999,NA,0.308,69.19999999999999,25,-7.619047619046968e-4,-0.00381
147,French Polynesia,Carcharhinus amblyrhynchos,39365,NT,0.2,1999,NA,0.308,69.19999999999999,25,-7.619047619046968e-4,-0.00381
147,Moorea,Carcharhinus falciformis,39370,NA,NA,1999,NA,0.308,69.19999999999999,25,-7.619047619046968e-4,-0.00381
147,Moorea,Carcharhinus galapagensis,41736,NT,0.2,1999,NA,0.308,69.19999999999999,25,-7.619047619046968e-4,-0.00381
147,Moorea,Carcharhinus leucas,39372,NT,0.2,1999,NA,0.308,69.19999999999999,25,-7.619047619046968e-4,-0.00381
147,Moorea,Carcharhinus limbatus,3851,VU,0.4,1999,1996,0.308,69.19999999999999,25,-7.619047619046968e-4,-0.00381
147,Moorea,Carcharhinus longimanus,39374,NT,0.2,1999,NA,0.308,69.19999999999999,25,-7.619047619046968e-4,-0.00381
147,Moorea,Carcharhinus melanopterus,39375,NT,0.2,1999,NA,0.308,69.19999999999999,25,-7.619047619046968e-4,-0.00381
147,French Polynesia,Caretta caretta,3897,EN,0.6,1999,1996,0.308,69.19999999999999,25,-7.619047619046968e-4,-0.00381
147,French Polynesia,Caretta caretta,84156809,CR,0.8,1999,NA,0.308,69.19999999999999,25,-7.619047619046968e-4,-0.00381
147,French Polynesia,Cheilinus undulatus,4592,VU,0.4,1999,1996,0.308,69.19999999999999,25,-7.619047619046968e-4,-0.00381
147,French Polynesia,Chelonia mydas,4615,EN,0.6,1999,1996,0.308,69.19999999999999,25,-7.619047619046968e-4,-0.00381
147,French Polynesia,Dermochelys coriacea,6494,EN,0.6,1999,1996,0.308,69.19999999999999,25,-7.619047619046968e-4,-0.00381
147,French Polynesia,Dermochelys coriacea,46967817,CR,0.8,1999,NA,0.308,69.19999999999999,25,-7.619047619046968e-4,-0.00381
147,Moorea,Eschrichtius robustus,8097,NT,0.2,1999,1996,0.308,69.19999999999999,25,-7.619047619046968e-4,-0.00381
147,French Polynesia,Galeocerdo cuvier,39378,NT,0.2,1999,NA,0.308,69.19999999999999,25,-7.619047619046968e-4,-0.00381
147,Moorea,Isistius brasiliensis,41837,LC,0,1999,NA,0.308,69.19999999999999,25,-7.619047619046968e-4,-0.00381
147,French Polynesia,Isurus oxyrinchus,39341,NT,0.2,1999,NA,0.308,69.19999999999999,25,-7.619047619046968e-4,-0.00381
147,French Polynesia,Megaptera novaeangliae,13006,VU,0.4,1999,1996,0.308,69.19999999999999,25,-7.619047619046968e-4,-0.00381
147,French Polynesia,Megaptera novaeangliae,132832,EN,0.6,1999,NA,0.308,69.19999999999999,25,-7.619047619046968e-4,-0.00381
147,Moorea,Nebrius ferrugineus,41835,VU,0.4,1999,NA,0.308,69.19999999999999,25,-7.619047619046968e-4,-0.00381
147,Moorea,Negaprion acutidens,41836,VU,0.4,1999,NA,0.308,69.19999999999999,25,-7.619047619046968e-4,-0.00381
147,French Polynesia,Prionace glauca,39381,NT,0.2,1999,NA,0.308,69.19999999999999,25,-7.619047619046968e-4,-0.00381
147,French Polynesia,Rhincodon typus,19488,VU,0.4,1999,NA,0.308,69.19999999999999,25,-7.619047619046968e-4,-0.00381
147,Moorea,Sphyrna lewini,39385,NT,0.2,1999,NA,0.308,69.19999999999999,25,-7.619047619046968e-4,-0.00381
147,Moorea,Sphyrna mokarran,39385,DD,NA,1999,NA,0.308,69.19999999999999,25,-7.619047619046968e-4,-0.00381
147,French Polynesia,Steno bredanensis,20738,LC,0,1999,NA,0.308,69.19999999999999,25,-7.619047619046968e-4,-0.00381
147,French Polynesia,Triaenodon obesus,39384,NT,0.2,1999,NA,0.308,69.19999999999999,25,-7.619047619046968e-4,-0.00381
147,Moorea,Alopias pelagicus,161597,VU,0.4,1998,NA,0.308,69.19999999999999,25,-8.571428571428345e-4,-0.00429
147,French Polynesia,Alopias vulpinus,39339,VU,0.4,1998,NA,0.308,69.19999999999999,25,-8.571428571428345e-4,-0.00429
147,Moorea,Carcharhinus albimarginatus,161526,NA,0.2,1998,NA,0.308,69.19999999999999,25,-8.571428571428345e-4,-0.00429
147,French Polynesia,Carcharhinus amblyrhynchos,39365,NT,0.2,1998,NA,0.308,69.19999999999999,25,-8.571428571428345e-4,-0.00429
147,Moorea,Carcharhinus falciformis,39370,NA,NA,1998,NA,0.308,69.19999999999999,25,-8.571428571428345e-4,-0.00429
147,Moorea,Carcharhinus galapagensis,41736,NT,0.2,1998,NA,0.308,69.19999999999999,25,-8.571428571428345e-4,-0.00429
147,Moorea,Carcharhinus leucas,39372,NT,0.2,1998,NA,0.308,69.19999999999999,25,-8.571428571428345e-4,-0.00429
147,Moorea,Carcharhinus limbatus,3851,VU,0.4,1998,1996,0.308,69.19999999999999,25,-8.571428571428345e-4,-0.00429
147,Moorea,Carcharhinus longimanus,39374,NT,0.2,1998,NA,0.308,69.19999999999999,25,-8.571428571428345e-4,-0.00429
147,Moorea,Carcharhinus melanopterus,39375,NT,0.2,1998,NA,0.308,69.19999999999999,25,-8.571428571428345e-4,-0.00429
147,French Polynesia,Caretta caretta,3897,EN,0.6,1998,1996,0.308,69.19999999999999,25,-8.571428571428345e-4,-0.00429
147,French Polynesia,Caretta caretta,84156809,CR,0.8,1998,NA,0.308,69.19999999999999,25,-8.571428571428345e-4,-0.00429
147,French Polynesia,Cheilinus undulatus,4592,VU,0.4,1998,1996,0.308,69.19999999999999,25,-8.571428571428345e-4,-0.00429
147,French Polynesia,Chelonia mydas,4615,EN,0.6,1998,1996,0.308,69.19999999999999,25,-8.571428571428345e-4,-0.00429
147,French Polynesia,Dermochelys coriacea,6494,EN,0.6,1998,1996,0.308,69.19999999999999,25,-8.571428571428345e-4,-0.00429
147,French Polynesia,Dermochelys coriacea,46967817,CR,0.8,1998,NA,0.308,69.19999999999999,25,-8.571428571428345e-4,-0.00429
147,Moorea,Eschrichtius robustus,8097,NT,0.2,1998,1996,0.308,69.19999999999999,25,-8.571428571428345e-4,-0.00429
147,French Polynesia,Galeocerdo cuvier,39378,NT,0.2,1998,NA,0.308,69.19999999999999,25,-8.571428571428345e-4,-0.00429
147,Moorea,Isistius brasiliensis,41836,LC,0,1998,NA,0.308,69.19999999999999,25,-8.571428571428345e-4,-0.00429
147,French Polynesia,Isurus oxyrinchus,39341,NT,0.2,1998,NA,0.308,69.19999999999999,25,-8.571428571428345e-4,-0.00429
147,French Polynesia,Megaptera novaeangliae,13006,VU,0.4,1998,1996,0.308,69.19999999999999,25,-8.571428571428345e-4,-0.00429
147,French Polynesia,Megaptera novaeangliae,132832,EN,0.6,1998,NA,0.308,69.19999999999999,25,-8.571428571428345e-4,-0.00429
147,Moorea,Nebrius ferrugineus,41835,VU,0.4,1998,NA,0.308,69.19999999999999,25,-8.571428571428345e-4,-0.00429
147,Moorea,Negaprion acutidens,41836,VU,0.4,1998,NA,0.308,69.19999999999999,25,-8.571428571428345e-4,-0.00429
147,French Polynesia,Prionace glauca,39381,NT,0.2,1998,NA,0.308,69.19999999999999,25,-8.571428571428345e-4,-0.00429
147,French Polynesia,Rhincodon typus,19488,VU,0.4,1998,NA,0.308,69.19999999999999,25,-8.571428571428345e-4,-0.00429
147,Moorea,Sphyrna lewini,39385,NT,0.2,1998,NA,0.308,69.19999999999999,25,-8.571428571428345e-4,-0.00429
147,Moorea,Sphyrna mokarran,39385,DD,NA,1998,NA,0.308,69.19999999999999,25,-8.571428571428345e-4,-0.00429
147,French Polynesia,Steno bredanensis,20738,LC,0,1998,NA,0.308,69.19999999999999,25,-8.571428571428345e-4,-0.00429
147,French Polynesia,Triaenodon obesus,39384,NT,0.2,1998,NA,0.308,69.19999999999999,25,-8.571428571428345e-4,-0.00429
147,Moorea,Alopias pelagicus,161597,VU,0.4,1997,NA,0.308,69.19999999999999,25,-9.14285714285816e-4,-0.00457
147,French Polynesia,Alopias vulpinus,39339,VU,0.4,1997,NA,0.308,69.19999999999999,25,-9.14285714285816e-4,-0.00457
147,Moorea,Carcharhinus albimarginatus,161526,NA,0.2,1997,NA,0.308,69.19999999999999,25,-9.14285714285816e-4,-0.00457
147,French Polynesia,Carcharhinus amblyrhynchos,39365,NT,0.2,1997,NA,0.308,69.19999999999999,25,-9.14285714285816e-4,-0.00457
147,Moorea,Carcharhinus falciformis,39370,NA,NA,1997,NA,0.308,69.19999999999999,25,-9.14285714285816e-4,-0.00457
147,Moorea,Carcharhinus galapagensis,41736,NT,0.2,1997,NA,0.308,69.19999999999999,25,-9.14285714285816e-4,-0.00457
147,Moorea,Carcharhinus leucas,39372,NT,0.2,1997,NA,0.308,69.19999999999999,25,-9.14285714285816e-4,-0.00457
147,Moorea,Carcharhinus limbatus,3851,VU,0.4,1997,1996,0.308,69.19999999999999,25,-9.14285714285816e-4,-0.00457
147,Moorea,Carcharhinus longimanus,39374,NT,0.2,1997,NA,0.308,69.19999999999999,25,-9.14285714285816e-4,-0.00457
147,Moorea,Carcharhinus melanopterus,39375,NT,0.2,1997,NA,0.308,69.19999999999999,25,-9.14285714285816e-4,-0.00457
147,French Polynesia,Caretta caretta,3897,EN,0.6,1997,1996,0.308,69.19999999999999,25,-9.14285714285816e-4,-0.00457
147,French Polynesia,Caretta caretta,84156809,CR,0.8,1997,NA,0.308,69.19999999999999,25,-9.14285714285816e-4,-0.00457
147,French Polynesia,Cheilinus undulatus,4592,VU,0.4,1997,1996,0.308,69.19999999999999,25,-9.14285714285816e-4,-0.00457
147,French Polynesia,Chelonia mydas,4615,EN,0.6,1997,1996,0.308,69.19999999999999,25,-9.14285714285816e-4,-0.00457
147,French Polynesia,Dermochelys coriacea,6494,EN,0.6,1997,1996,0.308,69.19999999999999,25,-9.14285714285816e-4,-0.00457
147,French Polynesia,Dermochelys coriacea,46967817,CR,0.8,1997,NA,0.308,69.19999999999999,25,-9.14285714285816e-4,-0.00457
147,Moorea,Eschrichtius robustus,8097,NT,0.2,1997,1996,0.308,69.19999999999999,25,-9.14285714285816e-4,-0.00457
147,French Polynesia,Galeocerdo cuvier,39378,NT,0.2,1997,NA,0.308,69.19999999999999,25,-9.14285714285816e-4,-0.00457
147,Moorea,Isistius brasiliensis,41835,LC,0,1997,NA,0.308,69.19999999999999,25,-9.14285714285816e-4,-0.00457
147,French Polynesia,Isurus oxyrinchus,39341,NT,0.2,1997,NA,0.308,69.19999999999999,25,-9.14285714285816e-4,-0.00457
147,French Polynesia,Megaptera novaeangliae,13006,VU,0.4,1997,1996,0.308,69.19999999999999,25,-9.14285714285816e-4,-0.00457
147,French Polynesia,Megaptera novaeangliae,132832,EN,0.6,1997,NA,0.308,69.19999999999999,25,-9.14285714285816e-4,-0.00457
147,Moorea,Nebrius ferrugineus,41835,VU,0.4,1997,NA,0.308,69.19999999999999,25,-9.14285714285816e-4,-0.00457
147,Moorea,Negaprion acutidens,41836,VU,0.4,1997,NA,0.308,69.19999999999999,25,-9.14285714285816e-4,-0.00457
147,French Polynesia,Prionace glauca,39381,NT,0.2,1997,NA,0.308,69.19999999999999,25,-9.14285714285816e-4,-0.00457
147,French Polynesia,Rhincodon typus,19488,VU,0.4,1997,NA,0.308,69.19999999999999,25,-9.14285714285816e-4,-0.00457
147,Moorea,Sphyrna lewini,39385,NT,0.2,1997,NA,0.308,69.19999999999999,25,-9.14285714285816e-4,-0.00457
147,Moorea,Sphyrna mokarran,39385,DD,NA,1997,NA,0.308,69.19999999999999,25,-9.14285714285816e-4,-0.00457
147,French Polynesia,Steno bredanensis,20738,LC,0,1997,NA,0.308,69.19999999999999,25,-9.14285714285816e-4,-0.00457
147,French Polynesia,Triaenodon obesus,39384,NT,0.2,1997,NA,0.308,69.19999999999999,25,-9.14285714285816e-4,-0.00457
147,Moorea,Alopias pelagicus,161597,VU,0.4,1996,NA,0.308,69.19999999999999,25,-8.000000000000614e-4,-0.004
147,French Polynesia,Alopias vulpinus,39339,VU,0.4,1996,NA,0.308,69.19999999999999,25,-8.000000000000614e-4,-0.004
147,Moorea,Carcharhinus albimarginatus,161526,NA,0.2,1996,NA,0.308,69.19999999999999,25,-8.000000000000614e-4,-0.004
147,French Polynesia,Carcharhinus amblyrhynchos,39365,NT,0.2,1996,NA,0.308,69.19999999999999,25,-8.000000000000614e-4,-0.004
147,Moorea,Carcharhinus falciformis,39370,NA,NA,1996,NA,0.308,69.19999999999999,25,-8.000000000000614e-4,-0.004
147,Moorea,Carcharhinus galapagensis,41736,NT,0.2,1996,NA,0.308,69.19999999999999,25,-8.000000000000614e-4,-0.004
147,Moorea,Carcharhinus leucas,39372,NT,0.2,1996,NA,0.308,69.19999999999999,25,-8.000000000000614e-4,-0.004
147,Moorea,Carcharhinus limbatus,3851,VU,0.4,1996,1996,0.308,69.19999999999999,25,-8.000000000000614e-4,-0.004
147,Moorea,Carcharhinus longimanus,39374,NT,0.2,1996,NA,0.308,69.19999999999999,25,-8.000000000000614e-4,-0.004
147,Moorea,Carcharhinus melanopterus,39375,NT,0.2,1996,NA,0.308,69.19999999999999,25,-8.000000000000614e-4,-0.004
147,French Polynesia,Caretta caretta,3897,EN,0.6,1996,1996,0.308,69.19999999999999,25,-8.000000000000614e-4,-0.004
147,French Polynesia,Caretta caretta,84156809,CR,0.8,1996,NA,0.308,69.19999999999999,25,-8.000000000000614e-4,-0.004
147,French Polynesia,Cheilinus undulatus,4592,VU,0.4,1996,1996,0.308,69.19999999999999,25,-8.000000000000614e-4,-0.004
147,French Polynesia,Chelonia mydas,4615,EN,0.6,1996,1996,0.308,69.19999999999999,25,-8.000000000000614e-4,-0.004
147,French Polynesia,Dermochelys coriacea,6494,EN,0.6,1996,1996,0.308,69.19999999999999,25,-8.000000000000614e-4,-0.004
147,French Polynesia,Dermochelys coriacea,46967817,CR,0.8,1996,NA,0.308,69.19999999999999,25,-8.000000000000614e-4,-0.004
147,Moorea,Eschrichtius robustus,8097,NT,0.2,1996,1996,0.308,69.19999999999999,25,-8.000000000000614e-4,-0.004
147,French Polynesia,Galeocerdo cuvier,39378,NT,0.2,1996,NA,0.308,69.19999999999999,25,-8.000000000000614e-4,-0.004
147,Moorea,Isistius brasiliensis,41834,LC,0,1996,NA,0.308,69.19999999999999,25,-8.000000000000614e-4,-0.004
147,French Polynesia,Isurus oxyrinchus,39341,NT,0.2,1996,NA,0.308,69.19999999999999,25,-8.000000000000614e-4,-0.004
147,French Polynesia,Megaptera novaeangliae,13006,VU,0.4,1996,1996,0.308,69.19999999999999,25,-8.000000000000614e-4,-0.004
147,French Polynesia,Megaptera novaeangliae,132832,EN,0.6,1996,NA,0.308,69.19999999999999,25,-8.000000000000614e-4,-0.004
147,Moorea,Nebrius ferrugineus,41835,VU,0.4,1996,NA,0.308,69.19999999999999,25,-8.000000000000614e-4,-0.004
147,Moorea,Negaprion acutidens,41836,VU,0.4,1996,NA,0.308,69.19999999999999,25,-8.000000000000614e-4,-0.004
147,French Polynesia,Prionace glauca,39381,NT,0.2,1996,NA,0.308,69.19999999999999,25,-8.000000000000614e-4,-0.004
147,French Polynesia,Rhincodon typus,19488,VU,0.4,1996,NA,0.308,69.19999999999999,25,-8.000000000000614e-4,-0.004
147,Moorea,Sphyrna lewini,39385,NT,0.2,1996,NA,0.308,69.19999999999999,25,-8.000000000000614e-4,-0.004
147,Moorea,Sphyrna mokarran,39385,DD,NA,1996,NA,0.308,69.19999999999999,25,-8.000000000000614e-4,-0.004
147,French Polynesia,Steno bredanensis,20738,LC,0,1996,NA,0.308,69.19999999999999,25,-8.000000000000614e-4,-0.004
147,French Polynesia,Triaenodon obesus,39384,NT,0.2,1996,NA,0.308,69.19999999999999,25,-8.000000000000614e-4,-0.004
147,Moorea,Alopias pelagicus,161597,VU,0.4,1995,NA,0.304,69.6,25,-8.5265128291212e-17,-0
147,French Polynesia,Alopias vulpinus,39339,VU,0.4,1995,NA,0.304,69.6,25,-8.5265128291212e-17,-0
147,Moorea,Carcharhinus albimarginatus,161526,NA,0.2,1995,NA,0.304,69.6,25,-8.5265128291212e-17,-0
147,French Polynesia,Carcharhinus amblyrhynchos,39365,NT,0.2,1995,NA,0.304,69.6,25,-8.5265128291212e-17,-0
147,Moorea,Carcharhinus falciformis,39370,NA,NA,1995,NA,0.304,69.6,25,-8.5265128291212e-17,-0
147,Moorea,Carcharhinus galapagensis,41736,NT,0.2,1995,NA,0.304,69.6,25,-8.5265128291212e-17,-0
147,Moorea,Carcharhinus leucas,39372,NT,0.2,1995,NA,0.304,69.6,25,-8.5265128291212e-17,-0
147,Moorea,Carcharhinus limbatus,3851,VU,0.4,1995,NA,0.304,69.6,25,-8.5265128291212e-17,-0
147,Moorea,Carcharhinus longimanus,39374,NT,0.2,1995,NA,0.304,69.6,25,-8.5265128291212e-17,-0
147,Moorea,Carcharhinus melanopterus,39375,NT,0.2,1995,NA,0.304,69.6,25,-8.5265128291212e-17,-0
147,French Polynesia,Caretta caretta,3897,VU,0.4,1995,1994,0.304,69.6,25,-8.5265128291212e-17,-0
147,French Polynesia,Caretta caretta,84156809,CR,0.8,1995,NA,0.304,69.6,25,-8.5265128291212e-17,-0
147,French Polynesia,Cheilinus undulatus,4592,VU,0.4,1995,NA,0.304,69.6,25,-8.5265128291212e-17,-0
147,French Polynesia,Chelonia mydas,4615,EN,0.6,1995,1994,0.304,69.6,25,-8.5265128291212e-17,-0
147,French Polynesia,Dermochelys coriacea,6494,EN,0.6,1995,1994,0.304,69.6,25,-8.5265128291212e-17,-0
147,French Polynesia,Dermochelys coriacea,46967817,CR,0.8,1995,NA,0.304,69.6,25,-8.5265128291212e-17,-0
147,Moorea,Eschrichtius robustus,8097,NT,0.2,1995,NA,0.304,69.6,25,-8.5265128291212e-17,-0
147,French Polynesia,Galeocerdo cuvier,39378,NT,0.2,1995,NA,0.304,69.6,25,-8.5265128291212e-17,-0
147,Moorea,Isistius brasiliensis,41833,LC,0,1995,NA,0.304,69.6,25,-8.5265128291212e-17,-0
147,French Polynesia,Isurus oxyrinchus,39341,NT,0.2,1995,NA,0.304,69.6,25,-8.5265128291212e-17,-0
147,French Polynesia,Megaptera novaeangliae,13006,VU,0.4,1995,1994,0.304,69.6,25,-8.5265128291212e-17,-0
147,French Polynesia,Megaptera novaeangliae,132832,EN,0.6,1995,NA,0.304,69.6,25,-8.5265128291212e-17,-0
147,Moorea,Nebrius ferrugineus,41835,VU,0.4,1995,NA,0.304,69.6,25,-8.5265128291212e-17,-0
147,Moorea,Negaprion acutidens,41836,VU,0.4,1995,NA,0.304,69.6,25,-8.5265128291212e-17,-0
147,French Polynesia,Prionace glauca,39381,NT,0.2,1995,NA,0.304,69.6,25,-8.5265128291212e-17,-0
147,French Polynesia,Rhincodon typus,19488,VU,0.4,1995,NA,0.304,69.6,25,-8.5265128291212e-17,-0
147,Moorea,Sphyrna lewini,39385,NT,0.2,1995,NA,0.304,69.6,25,-8.5265128291212e-17,-0
147,Moorea,Sphyrna mokarran,39385,DD,NA,1995,NA,0.304,69.6,25,-8.5265128291212e-17,-0
147,French Polynesia,Steno bredanensis,20738,LC,0,1995,NA,0.304,69.6,25,-8.5265128291212e-17,-0
147,French Polynesia,Triaenodon obesus,39384,NT,0.2,1995,NA,0.304,69.6,25,-8.5265128291212e-17,-0
147,Moorea,Alopias pelagicus,161597,VU,0.4,1994,NA,0.304,69.6,25,-1.2306961192858985e-16,-0
147,French Polynesia,Alopias vulpinus,39339,VU,0.4,1994,NA,0.304,69.6,25,-1.2306961192858985e-16,-0
147,Moorea,Carcharhinus albimarginatus,161526,NA,0.2,1994,NA,0.304,69.6,25,-1.2306961192858985e-16,-0
147,French Polynesia,Carcharhinus amblyrhynchos,39365,NT,0.2,1994,NA,0.304,69.6,25,-1.2306961192858985e-16,-0
147,Moorea,Carcharhinus falciformis,39370,NA,NA,1994,NA,0.304,69.6,25,-1.2306961192858985e-16,-0
147,Moorea,Carcharhinus galapagensis,41736,NT,0.2,1994,NA,0.304,69.6,25,-1.2306961192858985e-16,-0
147,Moorea,Carcharhinus leucas,39372,NT,0.2,1994,NA,0.304,69.6,25,-1.2306961192858985e-16,-0
147,Moorea,Carcharhinus limbatus,3851,VU,0.4,1994,NA,0.304,69.6,25,-1.2306961192858985e-16,-0
147,Moorea,Carcharhinus longimanus,39374,NT,0.2,1994,NA,0.304,69.6,25,-1.2306961192858985e-16,-0
147,Moorea,Carcharhinus melanopterus,39375,NT,0.2,1994,NA,0.304,69.6,25,-1.2306961192858985e-16,-0
147,French Polynesia,Caretta caretta,3897,VU,0.4,1994,1994,0.304,69.6,25,-1.2306961192858985e-16,-0
147,French Polynesia,Caretta caretta,84156809,CR,0.8,1994,NA,0.304,69.6,25,-1.2306961192858985e-16,-0
147,French Polynesia,Cheilinus undulatus,4592,VU,0.4,1994,NA,0.304,69.6,25,-1.2306961192858985e-16,-0
147,French Polynesia,Chelonia mydas,4615,EN,0.6,1994,1994,0.304,69.6,25,-1.2306961192858985e-16,-0
147,French Polynesia,Dermochelys coriacea,6494,EN,0.6,1994,1994,0.304,69.6,25,-1.2306961192858985e-16,-0
147,French Polynesia,Dermochelys coriacea,46967817,CR,0.8,1994,NA,0.304,69.6,25,-1.2306961192858985e-16,-0
147,Moorea,Eschrichtius robustus,8097,NT,0.2,1994,NA,0.304,69.6,25,-1.2306961192858985e-16,-0
147,French Polynesia,Galeocerdo cuvier,39378,NT,0.2,1994,NA,0.304,69.6,25,-1.2306961192858985e-16,-0
147,Moorea,Isistius brasiliensis,41832,LC,0,1994,NA,0.304,69.6,25,-1.2306961192858985e-16,-0
147,French Polynesia,Isurus oxyrinchus,39341,NT,0.2,1994,NA,0.304,69.6,25,-1.2306961192858985e-16,-0
147,French Polynesia,Megaptera novaeangliae,13006,VU,0.4,1994,1994,0.304,69.6,25,-1.2306961192858985e-16,-0
147,French Polynesia,Megaptera novaeangliae,132832,EN,0.6,1994,NA,0.304,69.6,25,-1.2306961192858985e-16,-0
147,Moorea,Nebrius ferrugineus,41835,VU,0.4,1994,NA,0.304,69.6,25,-1.2306961192858985e-16,-0
147,Moorea,Negaprion acutidens,41836,VU,0.4,1994,NA,0.304,69.6,25,-1.2306961192858985e-16,-0
147,French Polynesia,Prionace glauca,39381,NT,0.2,1994,NA,0.304,69.6,25,-1.2306961192858985e-16,-0
147,French Polynesia,Rhincodon typus,19488,VU,0.4,1994,NA,0.304,69.6,25,-1.2306961192858985e-16,-0
147,Moorea,Sphyrna lewini,39385,NT,0.2,1994,NA,0.304,69.6,25,-1.2306961192858985e-16,-0
147,Moorea,Sphyrna mokarran,39385,DD,NA,1994,NA,0.304,69.6,25,-1.2306961192858985e-16,-0
147,French Polynesia,Steno bredanensis,20738,LC,0,1994,NA,0.304,69.6,25,-1.2306961192858985e-16,-0
147,French Polynesia,Triaenodon obesus,39384,NT,0.2,1994,NA,0.304,69.6,25,-1.2306961192858985e-16,-0
147,Moorea,Alopias pelagicus,161597,VU,0.4,1993,NA,0.304,69.6,25,2.009718347115539e-16,0
147,French Polynesia,Alopias vulpinus,39339,VU,0.4,1993,NA,0.304,69.6,25,2.009718347115539e-16,0
147,Moorea,Carcharhinus albimarginatus,161526,NA,0.2,1993,NA,0.304,69.6,25,2.009718347115539e-16,0
147,French Polynesia,Carcharhinus amblyrhynchos,39365,NT,0.2,1993,NA,0.304,69.6,25,2.009718347115539e-16,0
147,Moorea,Carcharhinus falciformis,39370,NA,NA,1993,NA,0.304,69.6,25,2.009718347115539e-16,0
147,Moorea,Carcharhinus galapagensis,41736,NT,0.2,1993,NA,0.304,69.6,25,2.009718347115539e-16,0
147,Moorea,Carcharhinus leucas,39372,NT,0.2,1993,NA,0.304,69.6,25,2.009718347115539e-16,0
147,Moorea,Carcharhinus limbatus,3851,VU,0.4,1993,NA,0.304,69.6,25,2.009718347115539e-16,0
147,Moorea,Carcharhinus longimanus,39374,NT,0.2,1993,NA,0.304,69.6,25,2.009718347115539e-16,0
147,Moorea,Carcharhinus melanopterus,39375,NT,0.2,1993,NA,0.304,69.6,25,2.009718347115539e-16,0
147,French Polynesia,Caretta caretta,3897,VU,0.4,1993,1990,0.304,69.6,25,2.009718347115539e-16,0
147,French Polynesia,Caretta caretta,84156809,CR,0.8,1993,NA,0.304,69.6,25,2.009718347115539e-16,0
147,French Polynesia,Cheilinus undulatus,4592,VU,0.4,1993,NA,0.304,69.6,25,2.009718347115539e-16,0
147,French Polynesia,Chelonia mydas,4615,EN,0.6,1993,1990,0.304,69.6,25,2.009718347115539e-16,0
147,French Polynesia,Dermochelys coriacea,6494,EN,0.6,1993,1990,0.304,69.6,25,2.009718347115539e-16,0
147,French Polynesia,Dermochelys coriacea,46967817,CR,0.8,1993,NA,0.304,69.6,25,2.009718347115539e-16,0
147,Moorea,Eschrichtius robustus,8097,NT,0.2,1993,NA,0.304,69.6,25,2.009718347115539e-16,0
147,French Polynesia,Galeocerdo cuvier,39378,NT,0.2,1993,NA,0.304,69.6,25,2.009718347115539e-16,0
147,Moorea,Isistius brasiliensis,41831,LC,0,1993,NA,0.304,69.6,25,2.009718347115539e-16,0
147,French Polynesia,Isurus oxyrinchus,39341,NT,0.2,1993,NA,0.304,69.6,25,2.009718347115539e-16,0
147,French Polynesia,Megaptera novaeangliae,13006,VU,0.4,1993,1990,0.304,69.6,25,2.009718347115539e-16,0
147,French Polynesia,Megaptera novaeangliae,132832,EN,0.6,1993,NA,0.304,69.6,25,2.009718347115539e-16,0
147,Moorea,Nebrius ferrugineus,41835,VU,0.4,1993,NA,0.304,69.6,25,2.009718347115539e-16,0
147,Moorea,Negaprion acutidens,41836,VU,0.4,1993,NA,0.304,69.6,25,2.009718347115539e-16,0
147,French Polynesia,Prionace glauca,39381,NT,0.2,1993,NA,0.304,69.6,25,2.009718347115539e-16,0
147,French Polynesia,Rhincodon typus,19488,VU,0.4,1993,NA,0.304,69.6,25,2.009718347115539e-16,0
147,Moorea,Sphyrna lewini,39385,NT,0.2,1993,NA,0.304,69.6,25,2.009718347115539e-16,0
147,Moorea,Sphyrna mokarran,39385,DD,NA,1993,NA,0.304,69.6,25,2.009718347115539e-16,0
147,French Polynesia,Steno bredanensis,20738,LC,0,1993,NA,0.304,69.6,25,2.009718347115539e-16,0
147,French Polynesia,Triaenodon obesus,39384,NT,0.2,1993,NA,0.304,69.6,25,2.009718347115539e-16,0
147,Moorea,Alopias pelagicus,161597,VU,0.4,1992,NA,0.304,69.6,25,NA,NA
147,French Polynesia,Alopias vulpinus,39339,VU,0.4,1992,NA,0.304,69.6,25,NA,NA
147,Moorea,Carcharhinus albimarginatus,161526,NA,0.2,1992,NA,0.304,69.6,25,NA,NA
147,French Polynesia,Carcharhinus amblyrhynchos,39365,NT,0.2,1992,NA,0.304,69.6,25,NA,NA
147,Moorea,Carcharhinus falciformis,39370,NA,NA,1992,NA,0.304,69.6,25,NA,NA
147,Moorea,Carcharhinus galapagensis,41736,NT,0.2,1992,NA,0.304,69.6,25,NA,NA
147,Moorea,Carcharhinus leucas,39372,NT,0.2,1992,NA,0.304,69.6,25,NA,NA
147,Moorea,Carcharhinus limbatus,3851,VU,0.4,1992,NA,0.304,69.6,25,NA,NA
147,Moorea,Carcharhinus longimanus,39374,NT,0.2,1992,NA,0.304,69.6,25,NA,NA
147,Moorea,Carcharhinus melanopterus,39375,NT,0.2,1992,NA,0.304,69.6,25,NA,NA
147,French Polynesia,Caretta caretta,3897,VU,0.4,1992,1990,0.304,69.6,25,NA,NA
147,French Polynesia,Caretta caretta,84156809,CR,0.8,1992,NA,0.304,69.6,25,NA,NA
147,French Polynesia,Cheilinus undulatus,4592,VU,0.4,1992,NA,0.304,69.6,25,NA,NA
147,French Polynesia,Chelonia mydas,4615,EN,0.6,1992,1990,0.304,69.6,25,NA,NA
147,French Polynesia,Dermochelys coriacea,6494,EN,0.6,1992,1990,0.304,69.6,25,NA,NA
147,French Polynesia,Dermochelys coriacea,46967817,CR,0.8,1992,NA,0.304,69.6,25,NA,NA
147,Moorea,Eschrichtius robustus,8097,NT,0.2,1992,NA,0.304,69.6,25,NA,NA
147,French Polynesia,Galeocerdo cuvier,39378,NT,0.2,1992,NA,0.304,69.6,25,NA,NA
147,Moorea,Isistius brasiliensis,41830,LC,0,1992,NA,0.304,69.6,25,NA,NA
147,French Polynesia,Isurus oxyrinchus,39341,NT,0.2,1992,NA,0.304,69.6,25,NA,NA
147,French Polynesia,Megaptera novaeangliae,13006,VU,0.4,1992,1990,0.304,69.6,25,NA,NA
147,French Polynesia,Megaptera novaeangliae,132832,EN,0.6,1992,NA,0.304,69.6,25,NA,NA
147,Moorea,Nebrius ferrugineus,41835,VU,0.4,1992,NA,0.304,69.6,25,NA,NA
147,Moorea,Negaprion acutidens,41836,VU,0.4,1992,NA,0.304,69.6,25,NA,NA
147,French Polynesia,Prionace glauca,39381,NT,0.2,1992,NA,0.304,69.6,25,NA,NA
147,French Polynesia,Rhincodon typus,19488,VU,0.4,1992,NA,0.304,69.6,25,NA,NA
147,Moorea,Sphyrna lewini,39385,NT,0.2,1992,NA,0.304,69.6,25,NA,NA
147,Moorea,Sphyrna mokarran,39385,DD,NA,1992,NA,0.304,69.6,25,NA,NA
147,French Polynesia,Steno bredanensis,20738,LC,0,1992,NA,0.304,69.6,25,NA,NA
147,French Polynesia,Triaenodon obesus,39384,NT,0.2,1992,NA,0.304,69.6,25,NA,NA
